"student_id","subject","lrt_rank","pct_correct"
"A_1_1","kokugo",1,39.2156862745098
"A_1_2","kokugo",1,25.4901960784314
"A_1_3","kokugo",3,60.7843137254902
"A_1_4","kokugo",1,35.2941176470588
"A_1_5","kokugo",3,58.8235294117647
"A_1_6","kokugo",4,88.2352941176471
"A_1_7","kokugo",2,45.0980392156863
"A_1_8","kokugo",3,68.6274509803922
"A_1_9","kokugo",2,47.0588235294118
"A_1_10","kokugo",3,58.8235294117647
"A_1_11","kokugo",2,54.9019607843137
"A_1_12","kokugo",2,50.9803921568627
"A_1_13","kokugo",4,86.2745098039216
"A_1_14","kokugo",3,58.8235294117647
"A_1_15","kokugo",4,62.7450980392157
"A_1_16","kokugo",3,66.6666666666667
"A_1_17","kokugo",4,84.3137254901961
"A_1_18","kokugo",3,76.4705882352941
"A_1_19","kokugo",4,78.4313725490196
"A_1_20","kokugo",4,66.6666666666667
"A_1_21","kokugo",2,45.0980392156863
"A_1_22","kokugo",3,68.6274509803922
"A_1_23","kokugo",3,60.7843137254902
"A_1_24","kokugo",3,66.6666666666667
"A_1_25","kokugo",4,78.4313725490196
"A_1_26","kokugo",3,66.6666666666667
"A_1_27","kokugo",3,60.7843137254902
"A_1_28","kokugo",4,80.3921568627451
"A_1_29","kokugo",3,60.7843137254902
"A_1_30","kokugo",4,72.5490196078431
"A_2_1","kokugo",1,25.4901960784314
"A_2_2","kokugo",1,39.2156862745098
"A_2_3","kokugo",3,72.5490196078431
"A_2_4","kokugo",4,88.2352941176471
"A_2_5","kokugo",4,72.5490196078431
"A_2_6","kokugo",3,66.6666666666667
"A_2_7","kokugo",4,86.2745098039216
"A_2_8","kokugo",4,76.4705882352941
"A_2_9","kokugo",3,72.5490196078431
"A_2_10","kokugo",2,54.9019607843137
"A_2_11","kokugo",2,45.0980392156863
"A_2_12","kokugo",3,64.7058823529412
"A_2_13","kokugo",2,56.8627450980392
"A_2_14","kokugo",1,45.0980392156863
"A_2_15","kokugo",3,58.8235294117647
"A_2_16","kokugo",4,82.3529411764706
"A_2_17","kokugo",4,82.3529411764706
"A_2_18","kokugo",2,62.7450980392157
"A_2_19","kokugo",3,60.7843137254902
"A_2_20","kokugo",2,50.9803921568627
"A_2_21","kokugo",4,68.6274509803922
"A_2_22","kokugo",3,72.5490196078431
"A_2_23","kokugo",3,64.7058823529412
"A_2_24","kokugo",1,25.4901960784314
"A_2_25","kokugo",2,33.3333333333333
"A_2_26","kokugo",4,90.1960784313726
"A_2_27","kokugo",3,56.8627450980392
"A_2_28","kokugo",4,76.4705882352941
"A_2_29","kokugo",3,60.7843137254902
"A_2_30","kokugo",2,50.9803921568627
"B_1_1","kokugo",2,54.9019607843137
"B_1_2","kokugo",1,41.1764705882353
"B_1_3","kokugo",4,76.4705882352941
"B_1_4","kokugo",3,66.6666666666667
"B_1_5","kokugo",4,84.3137254901961
"B_1_6","kokugo",4,78.4313725490196
"B_1_7","kokugo",1,37.2549019607843
"B_1_8","kokugo",3,62.7450980392157
"B_1_9","kokugo",4,86.2745098039216
"B_1_10","kokugo",3,62.7450980392157
"B_1_11","kokugo",4,80.3921568627451
"B_1_12","kokugo",1,41.1764705882353
"B_1_13","kokugo",3,74.5098039215686
"B_1_14","kokugo",3,54.9019607843137
"B_1_15","kokugo",4,64.7058823529412
"B_1_16","kokugo",3,58.8235294117647
"B_1_17","kokugo",1,15.6862745098039
"B_1_18","kokugo",1,27.4509803921569
"B_1_19","kokugo",3,68.6274509803922
"B_1_20","kokugo",3,64.7058823529412
"B_1_21","kokugo",4,74.5098039215686
"B_1_22","kokugo",4,88.2352941176471
"B_1_23","kokugo",4,80.3921568627451
"B_1_24","kokugo",1,45.0980392156863
"B_1_25","kokugo",3,60.7843137254902
"B_1_26","kokugo",1,25.4901960784314
"B_1_27","kokugo",3,62.7450980392157
"B_1_28","kokugo",4,78.4313725490196
"B_1_29","kokugo",3,64.7058823529412
"B_1_30","kokugo",4,94.1176470588235
"B_2_1","kokugo",3,64.7058823529412
"B_2_2","kokugo",3,72.5490196078431
"B_2_3","kokugo",4,92.156862745098
"B_2_4","kokugo",4,82.3529411764706
"B_2_5","kokugo",3,66.6666666666667
"B_2_6","kokugo",2,49.0196078431373
"B_2_7","kokugo",2,58.8235294117647
"B_2_8","kokugo",2,56.8627450980392
"B_2_9","kokugo",4,76.4705882352941
"B_2_10","kokugo",3,52.9411764705882
"B_2_11","kokugo",2,52.9411764705882
"B_2_12","kokugo",3,74.5098039215686
"B_2_13","kokugo",4,84.3137254901961
"B_2_14","kokugo",3,64.7058823529412
"B_2_15","kokugo",4,90.1960784313726
"B_2_16","kokugo",3,68.6274509803922
"B_2_17","kokugo",4,74.5098039215686
"B_2_18","kokugo",4,76.4705882352941
"B_2_19","kokugo",1,33.3333333333333
"B_2_20","kokugo",3,64.7058823529412
"B_2_21","kokugo",4,72.5490196078431
"B_2_22","kokugo",4,88.2352941176471
"B_2_23","kokugo",3,66.6666666666667
"B_2_24","kokugo",4,78.4313725490196
"B_2_25","kokugo",2,50.9803921568627
"B_2_26","kokugo",3,68.6274509803922
"B_2_27","kokugo",4,76.4705882352941
"B_2_28","kokugo",4,78.4313725490196
"B_2_29","kokugo",3,70.5882352941177
"B_2_30","kokugo",3,68.6274509803922
"C_1_1","kokugo",2,50.9803921568627
"C_1_2","kokugo",3,64.7058823529412
"C_1_3","kokugo",1,49.0196078431373
"C_1_4","kokugo",3,58.8235294117647
"C_1_5","kokugo",2,49.0196078431373
"C_1_6","kokugo",4,66.6666666666667
"C_1_7","kokugo",3,70.5882352941177
"C_1_8","kokugo",3,58.8235294117647
"C_1_9","kokugo",2,49.0196078431373
"C_1_10","kokugo",2,50.9803921568627
"C_1_11","kokugo",3,68.6274509803922
"C_1_12","kokugo",1,31.3725490196078
"C_1_13","kokugo",2,50.9803921568627
"C_1_14","kokugo",3,70.5882352941177
"C_1_15","kokugo",2,52.9411764705882
"C_1_16","kokugo",3,58.8235294117647
"C_1_17","kokugo",2,47.0588235294118
"C_1_18","kokugo",2,49.0196078431373
"C_1_19","kokugo",2,41.1764705882353
"C_1_20","kokugo",1,49.0196078431373
"C_1_21","kokugo",4,80.3921568627451
"C_1_22","kokugo",4,74.5098039215686
"C_1_23","kokugo",2,52.9411764705882
"C_1_24","kokugo",3,60.7843137254902
"C_1_25","kokugo",3,68.6274509803922
"C_1_26","kokugo",2,47.0588235294118
"C_1_27","kokugo",1,23.5294117647059
"C_1_28","kokugo",1,41.1764705882353
"C_1_29","kokugo",1,35.2941176470588
"C_1_30","kokugo",2,50.9803921568627
"C_2_1","kokugo",2,45.0980392156863
"C_2_2","kokugo",1,31.3725490196078
"C_2_3","kokugo",1,29.4117647058824
"C_2_4","kokugo",1,37.2549019607843
"C_2_5","kokugo",3,58.8235294117647
"C_2_6","kokugo",3,72.5490196078431
"C_2_7","kokugo",4,74.5098039215686
"C_2_8","kokugo",4,84.3137254901961
"C_2_9","kokugo",1,19.6078431372549
"C_2_10","kokugo",2,49.0196078431373
"C_2_11","kokugo",4,72.5490196078431
"C_2_12","kokugo",4,78.4313725490196
"C_2_13","kokugo",1,35.2941176470588
"C_2_14","kokugo",4,68.6274509803922
"C_2_15","kokugo",3,60.7843137254902
"C_2_16","kokugo",2,41.1764705882353
"C_2_17","kokugo",2,47.0588235294118
"C_2_18","kokugo",3,72.5490196078431
"C_2_19","kokugo",3,72.5490196078431
"C_2_20","kokugo",4,80.3921568627451
"C_2_21","kokugo",2,50.9803921568627
"C_2_22","kokugo",1,23.5294117647059
"C_2_23","kokugo",1,19.6078431372549
"C_2_24","kokugo",1,25.4901960784314
"C_2_25","kokugo",2,54.9019607843137
"C_2_26","kokugo",4,82.3529411764706
"C_2_27","kokugo",3,64.7058823529412
"C_2_28","kokugo",1,39.2156862745098
"C_2_29","kokugo",3,64.7058823529412
"C_2_30","kokugo",3,60.7843137254902
"D_1_13","kokugo",2,60.7843137254902
"D_1_14","kokugo",3,58.8235294117647
"D_1_15","kokugo",4,80.3921568627451
"D_1_16","kokugo",4,96.078431372549
"D_1_17","kokugo",2,50.9803921568627
"D_1_18","kokugo",3,66.6666666666667
"D_1_19","kokugo",2,56.8627450980392
"D_1_20","kokugo",2,43.1372549019608
"D_1_21","kokugo",1,35.2941176470588
"D_1_22","kokugo",4,66.6666666666667
"D_1_23","kokugo",2,52.9411764705882
"D_1_24","kokugo",1,33.3333333333333
"D_1_25","kokugo",2,62.7450980392157
"D_1_26","kokugo",2,56.8627450980392
"D_1_27","kokugo",2,52.9411764705882
"D_1_28","kokugo",4,78.4313725490196
"D_1_29","kokugo",2,45.0980392156863
"D_1_30","kokugo",2,56.8627450980392
"D_2_1","kokugo",2,56.8627450980392
"D_2_2","kokugo",2,47.0588235294118
"D_2_3","kokugo",1,39.2156862745098
"D_2_4","kokugo",2,54.9019607843137
"D_2_5","kokugo",2,43.1372549019608
"D_2_6","kokugo",4,94.1176470588235
"D_2_7","kokugo",2,52.9411764705882
"D_2_8","kokugo",1,39.2156862745098
"D_2_9","kokugo",4,62.7450980392157
"D_2_10","kokugo",2,56.8627450980392
"D_2_11","kokugo",2,60.7843137254902
"D_2_12","kokugo",2,54.9019607843137
"D_2_13","kokugo",2,60.7843137254902
"D_2_14","kokugo",2,49.0196078431373
"D_2_15","kokugo",3,64.7058823529412
"D_2_16","kokugo",3,54.9019607843137
"D_2_17","kokugo",1,43.1372549019608
"D_2_18","kokugo",3,68.6274509803922
"D_2_19","kokugo",2,45.0980392156863
"D_2_20","kokugo",1,49.0196078431373
"D_2_21","kokugo",1,19.6078431372549
"D_2_22","kokugo",2,52.9411764705882
"D_2_23","kokugo",1,41.1764705882353
"D_2_24","kokugo",1,37.2549019607843
"D_2_25","kokugo",3,60.7843137254902
"D_2_26","kokugo",3,60.7843137254902
"D_2_27","kokugo",2,50.9803921568627
"D_2_28","kokugo",1,43.1372549019608
"D_2_29","kokugo",3,62.7450980392157
"D_2_30","kokugo",4,76.4705882352941
"A_1_1","shakai",1,31.8181818181818
"A_1_2","shakai",2,52.2727272727273
"A_1_3","shakai",2,61.3636363636364
"A_1_4","shakai",1,36.3636363636364
"A_1_5","shakai",3,63.6363636363636
"A_1_6","shakai",4,79.5454545454545
"A_1_7","shakai",2,59.0909090909091
"A_1_8","shakai",4,70.4545454545455
"A_1_9","shakai",1,40.9090909090909
"A_1_10","shakai",3,70.4545454545455
"A_1_11","shakai",3,70.4545454545455
"A_1_12","shakai",3,61.3636363636364
"A_1_13","shakai",4,72.7272727272727
"A_1_14","shakai",2,56.8181818181818
"A_1_15","shakai",2,56.8181818181818
"A_1_16","shakai",2,59.0909090909091
"A_1_17","shakai",4,81.8181818181818
"A_1_18","shakai",3,59.0909090909091
"A_1_19","shakai",4,88.6363636363636
"A_1_20","shakai",4,77.2727272727273
"A_1_21","shakai",1,31.8181818181818
"A_1_22","shakai",4,84.0909090909091
"A_1_23","shakai",2,59.0909090909091
"A_1_24","shakai",4,84.0909090909091
"A_1_25","shakai",3,65.9090909090909
"A_1_26","shakai",3,59.0909090909091
"A_1_27","shakai",2,52.2727272727273
"A_1_28","shakai",4,81.8181818181818
"A_1_29","shakai",3,70.4545454545455
"A_1_30","shakai",4,68.1818181818182
"A_2_1","shakai",1,34.0909090909091
"A_2_2","shakai",1,43.1818181818182
"A_2_3","shakai",3,70.4545454545455
"A_2_4","shakai",2,56.8181818181818
"A_2_5","shakai",3,79.5454545454545
"A_2_6","shakai",2,47.7272727272727
"A_2_7","shakai",4,84.0909090909091
"A_2_8","shakai",3,65.9090909090909
"A_2_9","shakai",4,72.7272727272727
"A_2_10","shakai",1,43.1818181818182
"A_2_11","shakai",1,40.9090909090909
"A_2_12","shakai",4,90.9090909090909
"A_2_13","shakai",3,54.5454545454545
"A_2_14","shakai",2,50
"A_2_15","shakai",2,52.2727272727273
"A_2_16","shakai",4,88.6363636363636
"A_2_17","shakai",4,88.6363636363636
"A_2_18","shakai",2,61.3636363636364
"A_2_19","shakai",3,63.6363636363636
"A_2_20","shakai",4,77.2727272727273
"A_2_21","shakai",3,63.6363636363636
"A_2_22","shakai",4,75
"A_2_23","shakai",3,63.6363636363636
"A_2_24","shakai",1,22.7272727272727
"A_2_25","shakai",1,34.0909090909091
"A_2_26","shakai",4,84.0909090909091
"A_2_27","shakai",2,50
"A_2_28","shakai",2,54.5454545454545
"A_2_29","shakai",3,75
"A_2_30","shakai",1,29.5454545454545
"B_1_1","shakai",2,61.3636363636364
"B_1_2","shakai",4,75
"B_1_3","shakai",3,72.7272727272727
"B_1_4","shakai",4,81.8181818181818
"B_1_5","shakai",4,95.4545454545455
"B_1_6","shakai",4,93.1818181818182
"B_1_7","shakai",1,27.2727272727273
"B_1_8","shakai",4,81.8181818181818
"B_1_9","shakai",4,81.8181818181818
"B_1_10","shakai",2,47.7272727272727
"B_1_11","shakai",3,75
"B_1_12","shakai",2,54.5454545454545
"B_1_13","shakai",3,56.8181818181818
"B_1_14","shakai",3,63.6363636363636
"B_1_15","shakai",3,72.7272727272727
"B_1_16","shakai",3,70.4545454545455
"B_1_17","shakai",1,47.7272727272727
"B_1_18","shakai",1,40.9090909090909
"B_1_19","shakai",3,68.1818181818182
"B_1_20","shakai",4,72.7272727272727
"B_1_21","shakai",3,68.1818181818182
"B_1_22","shakai",3,65.9090909090909
"B_1_23","shakai",3,63.6363636363636
"B_1_24","shakai",3,68.1818181818182
"B_1_25","shakai",3,68.1818181818182
"B_1_26","shakai",1,25
"B_1_27","shakai",2,47.7272727272727
"B_1_28","shakai",4,95.4545454545455
"B_1_29","shakai",3,59.0909090909091
"B_1_30","shakai",4,84.0909090909091
"B_2_1","shakai",2,54.5454545454545
"B_2_2","shakai",2,40.9090909090909
"B_2_3","shakai",4,93.1818181818182
"B_2_4","shakai",4,90.9090909090909
"B_2_5","shakai",3,54.5454545454545
"B_2_6","shakai",1,38.6363636363636
"B_2_7","shakai",4,77.2727272727273
"B_2_8","shakai",2,50
"B_2_9","shakai",3,61.3636363636364
"B_2_10","shakai",1,45.4545454545455
"B_2_11","shakai",2,50
"B_2_12","shakai",4,72.7272727272727
"B_2_13","shakai",3,68.1818181818182
"B_2_14","shakai",2,52.2727272727273
"B_2_15","shakai",4,84.0909090909091
"B_2_16","shakai",3,61.3636363636364
"B_2_17","shakai",2,43.1818181818182
"B_2_18","shakai",2,50
"B_2_19","shakai",1,25
"B_2_20","shakai",3,68.1818181818182
"B_2_21","shakai",3,65.9090909090909
"B_2_22","shakai",4,93.1818181818182
"B_2_23","shakai",4,72.7272727272727
"B_2_24","shakai",4,72.7272727272727
"B_2_25","shakai",1,43.1818181818182
"B_2_26","shakai",4,81.8181818181818
"B_2_27","shakai",4,77.2727272727273
"B_2_28","shakai",2,52.2727272727273
"B_2_29","shakai",4,95.4545454545455
"B_2_30","shakai",2,54.5454545454545
"C_1_1","shakai",1,52.2727272727273
"C_1_2","shakai",3,61.3636363636364
"C_1_3","shakai",2,56.8181818181818
"C_1_4","shakai",4,75
"C_1_5","shakai",1,43.1818181818182
"C_1_6","shakai",2,59.0909090909091
"C_1_7","shakai",2,54.5454545454545
"C_1_8","shakai",1,40.9090909090909
"C_1_9","shakai",3,68.1818181818182
"C_1_10","shakai",1,34.0909090909091
"C_1_11","shakai",3,63.6363636363636
"C_1_12","shakai",2,50
"C_1_13","shakai",4,72.7272727272727
"C_1_14","shakai",3,63.6363636363636
"C_1_15","shakai",4,68.1818181818182
"C_1_16","shakai",3,63.6363636363636
"C_1_17","shakai",2,50
"C_1_18","shakai",1,43.1818181818182
"C_1_19","shakai",1,38.6363636363636
"C_1_21","shakai",4,75
"C_1_22","shakai",3,70.4545454545455
"C_1_23","shakai",1,40.9090909090909
"C_1_24","shakai",1,36.3636363636364
"C_1_25","shakai",3,70.4545454545455
"C_1_26","shakai",1,25
"C_1_27","shakai",1,34.0909090909091
"C_1_28","shakai",1,15.9090909090909
"C_1_29","shakai",2,50
"C_1_30","shakai",3,68.1818181818182
"C_2_1","shakai",3,65.9090909090909
"C_2_3","shakai",1,20.4545454545455
"C_2_4","shakai",1,4.54545454545455
"C_2_5","shakai",3,59.0909090909091
"C_2_6","shakai",4,88.6363636363636
"C_2_7","shakai",4,77.2727272727273
"C_2_8","shakai",4,81.8181818181818
"C_2_10","shakai",2,38.6363636363636
"C_2_11","shakai",3,65.9090909090909
"C_2_12","shakai",2,59.0909090909091
"C_2_13","shakai",1,29.5454545454545
"C_2_14","shakai",2,50
"C_2_15","shakai",3,68.1818181818182
"C_2_16","shakai",1,47.7272727272727
"C_2_17","shakai",1,34.0909090909091
"C_2_18","shakai",3,63.6363636363636
"C_2_19","shakai",2,63.6363636363636
"C_2_20","shakai",4,81.8181818181818
"C_2_21","shakai",2,56.8181818181818
"C_2_22","shakai",1,31.8181818181818
"C_2_23","shakai",1,20.4545454545455
"C_2_24","shakai",1,22.7272727272727
"C_2_25","shakai",3,75
"C_2_26","shakai",4,84.0909090909091
"C_2_27","shakai",4,72.7272727272727
"C_2_29","shakai",2,52.2727272727273
"C_2_30","shakai",3,61.3636363636364
"D_1_13","shakai",2,47.7272727272727
"D_1_14","shakai",2,54.5454545454545
"D_1_15","shakai",4,84.0909090909091
"D_1_16","shakai",4,90.9090909090909
"D_1_17","shakai",2,45.4545454545455
"D_1_18","shakai",1,34.0909090909091
"D_1_19","shakai",2,50
"D_1_20","shakai",1,38.6363636363636
"D_1_21","shakai",1,43.1818181818182
"D_1_22","shakai",2,56.8181818181818
"D_1_23","shakai",2,52.2727272727273
"D_1_24","shakai",1,25
"D_1_25","shakai",4,86.3636363636364
"D_1_26","shakai",1,43.1818181818182
"D_1_27","shakai",1,38.6363636363636
"D_1_28","shakai",4,75
"D_1_29","shakai",2,54.5454545454545
"D_1_30","shakai",3,75
"D_2_1","shakai",2,52.2727272727273
"D_2_2","shakai",1,47.7272727272727
"D_2_3","shakai",2,50
"D_2_4","shakai",2,56.8181818181818
"D_2_5","shakai",1,25
"D_2_6","shakai",4,84.0909090909091
"D_2_7","shakai",1,38.6363636363636
"D_2_8","shakai",1,25
"D_2_9","shakai",1,34.0909090909091
"D_2_10","shakai",2,40.9090909090909
"D_2_11","shakai",2,40.9090909090909
"D_2_12","shakai",1,45.4545454545455
"D_2_13","shakai",3,65.9090909090909
"D_2_14","shakai",1,43.1818181818182
"D_2_15","shakai",3,68.1818181818182
"D_2_16","shakai",4,77.2727272727273
"D_2_17","shakai",1,43.1818181818182
"D_2_18","shakai",3,70.4545454545455
"D_2_19","shakai",2,50
"D_2_20","shakai",3,70.4545454545455
"D_2_21","shakai",1,43.1818181818182
"D_2_22","shakai",4,75
"D_2_23","shakai",1,50
"D_2_24","shakai",1,25
"D_2_25","shakai",2,47.7272727272727
"D_2_26","shakai",3,61.3636363636364
"D_2_27","shakai",1,40.9090909090909
"D_2_28","shakai",1,25
"D_2_29","shakai",2,50
"D_2_30","shakai",4,90.9090909090909
"A_1_1","sugaku",1,30.5555555555556
"A_1_2","sugaku",1,30.5555555555556
"A_1_3","sugaku",1,27.7777777777778
"A_1_4","sugaku",1,27.7777777777778
"A_1_5","sugaku",2,50
"A_1_6","sugaku",4,77.7777777777778
"A_1_7","sugaku",1,22.2222222222222
"A_1_8","sugaku",4,69.4444444444444
"A_1_9","sugaku",2,52.7777777777778
"A_1_10","sugaku",3,61.1111111111111
"A_1_11","sugaku",1,25
"A_1_12","sugaku",2,41.6666666666667
"A_1_13","sugaku",4,75
"A_1_14","sugaku",1,44.4444444444444
"A_1_15","sugaku",2,47.2222222222222
"A_1_16","sugaku",2,50
"A_1_17","sugaku",4,75
"A_1_18","sugaku",4,77.7777777777778
"A_1_19","sugaku",4,77.7777777777778
"A_1_20","sugaku",2,47.2222222222222
"A_1_21","sugaku",1,22.2222222222222
"A_1_22","sugaku",4,77.7777777777778
"A_1_23","sugaku",2,41.6666666666667
"A_1_24","sugaku",2,47.2222222222222
"A_1_25","sugaku",4,77.7777777777778
"A_1_26","sugaku",3,63.8888888888889
"A_1_27","sugaku",3,61.1111111111111
"A_1_28","sugaku",3,72.2222222222222
"A_1_29","sugaku",3,75
"A_1_30","sugaku",2,50
"A_2_1","sugaku",1,25
"A_2_2","sugaku",1,33.3333333333333
"A_2_3","sugaku",2,41.6666666666667
"A_2_4","sugaku",4,75
"A_2_5","sugaku",4,77.7777777777778
"A_2_6","sugaku",1,27.7777777777778
"A_2_7","sugaku",4,83.3333333333333
"A_2_8","sugaku",3,61.1111111111111
"A_2_9","sugaku",3,61.1111111111111
"A_2_10","sugaku",2,44.4444444444444
"A_2_11","sugaku",1,30.5555555555556
"A_2_12","sugaku",3,58.3333333333333
"A_2_13","sugaku",2,47.2222222222222
"A_2_14","sugaku",1,27.7777777777778
"A_2_15","sugaku",3,69.4444444444444
"A_2_16","sugaku",4,91.6666666666667
"A_2_17","sugaku",4,88.8888888888889
"A_2_18","sugaku",3,58.3333333333333
"A_2_19","sugaku",2,36.1111111111111
"A_2_20","sugaku",3,63.8888888888889
"A_2_21","sugaku",3,55.5555555555556
"A_2_22","sugaku",4,77.7777777777778
"A_2_23","sugaku",2,52.7777777777778
"A_2_24","sugaku",1,30.5555555555556
"A_2_25","sugaku",1,27.7777777777778
"A_2_26","sugaku",4,100
"A_2_27","sugaku",1,30.5555555555556
"A_2_28","sugaku",3,50
"A_2_29","sugaku",1,30.5555555555556
"A_2_30","sugaku",2,44.4444444444444
"B_1_1","sugaku",2,38.8888888888889
"B_1_2","sugaku",2,36.1111111111111
"B_1_3","sugaku",3,66.6666666666667
"B_1_4","sugaku",3,61.1111111111111
"B_1_5","sugaku",4,88.8888888888889
"B_1_6","sugaku",4,86.1111111111111
"B_1_7","sugaku",2,44.4444444444444
"B_1_8","sugaku",4,88.8888888888889
"B_1_9","sugaku",4,80.5555555555556
"B_1_10","sugaku",2,47.2222222222222
"B_1_11","sugaku",4,80.5555555555556
"B_1_12","sugaku",3,63.8888888888889
"B_1_13","sugaku",4,72.2222222222222
"B_1_14","sugaku",1,36.1111111111111
"B_1_15","sugaku",2,44.4444444444444
"B_1_16","sugaku",2,41.6666666666667
"B_1_17","sugaku",1,36.1111111111111
"B_1_18","sugaku",1,25
"B_1_19","sugaku",3,66.6666666666667
"B_1_20","sugaku",2,50
"B_1_21","sugaku",2,44.4444444444444
"B_1_22","sugaku",2,50
"B_1_23","sugaku",3,66.6666666666667
"B_1_24","sugaku",2,55.5555555555556
"B_1_25","sugaku",3,63.8888888888889
"B_1_26","sugaku",1,25
"B_1_27","sugaku",2,47.2222222222222
"B_1_28","sugaku",4,88.8888888888889
"B_1_29","sugaku",1,27.7777777777778
"B_1_30","sugaku",4,91.6666666666667
"B_2_1","sugaku",2,55.5555555555556
"B_2_2","sugaku",1,19.4444444444444
"B_2_3","sugaku",4,94.4444444444444
"B_2_4","sugaku",4,83.3333333333333
"B_2_5","sugaku",3,69.4444444444444
"B_2_6","sugaku",2,33.3333333333333
"B_2_7","sugaku",1,22.2222222222222
"B_2_8","sugaku",2,38.8888888888889
"B_2_9","sugaku",2,47.2222222222222
"B_2_10","sugaku",2,52.7777777777778
"B_2_11","sugaku",1,33.3333333333333
"B_2_12","sugaku",3,52.7777777777778
"B_2_13","sugaku",4,77.7777777777778
"B_2_14","sugaku",2,41.6666666666667
"B_2_15","sugaku",3,69.4444444444444
"B_2_16","sugaku",2,47.2222222222222
"B_2_17","sugaku",2,50
"B_2_18","sugaku",3,63.8888888888889
"B_2_19","sugaku",2,41.6666666666667
"B_2_20","sugaku",3,72.2222222222222
"B_2_21","sugaku",2,41.6666666666667
"B_2_22","sugaku",4,94.4444444444444
"B_2_23","sugaku",2,38.8888888888889
"B_2_24","sugaku",3,66.6666666666667
"B_2_25","sugaku",1,25
"B_2_26","sugaku",3,72.2222222222222
"B_2_27","sugaku",4,75
"B_2_28","sugaku",3,63.8888888888889
"B_2_29","sugaku",4,91.6666666666667
"B_2_30","sugaku",1,27.7777777777778
"C_1_1","sugaku",1,33.3333333333333
"C_1_2","sugaku",2,52.7777777777778
"C_1_3","sugaku",2,50
"C_1_4","sugaku",4,80.5555555555556
"C_1_5","sugaku",1,13.8888888888889
"C_1_6","sugaku",3,55.5555555555556
"C_1_7","sugaku",2,44.4444444444444
"C_1_8","sugaku",1,19.4444444444444
"C_1_9","sugaku",4,75
"C_1_10","sugaku",2,47.2222222222222
"C_1_11","sugaku",2,41.6666666666667
"C_1_12","sugaku",1,38.8888888888889
"C_1_13","sugaku",2,47.2222222222222
"C_1_14","sugaku",2,50
"C_1_15","sugaku",3,55.5555555555556
"C_1_16","sugaku",3,50
"C_1_17","sugaku",2,36.1111111111111
"C_1_18","sugaku",1,25
"C_1_19","sugaku",1,33.3333333333333
"C_1_20","sugaku",3,66.6666666666667
"C_1_21","sugaku",4,86.1111111111111
"C_1_22","sugaku",3,66.6666666666667
"C_1_23","sugaku",2,50
"C_1_24","sugaku",1,22.2222222222222
"C_1_25","sugaku",3,75
"C_1_26","sugaku",1,13.8888888888889
"C_1_27","sugaku",2,38.8888888888889
"C_1_28","sugaku",1,41.6666666666667
"C_1_29","sugaku",2,44.4444444444444
"C_1_30","sugaku",3,77.7777777777778
"C_2_1","sugaku",3,55.5555555555556
"C_2_2","sugaku",1,22.2222222222222
"C_2_3","sugaku",1,27.7777777777778
"C_2_4","sugaku",1,13.8888888888889
"C_2_5","sugaku",2,52.7777777777778
"C_2_6","sugaku",4,97.2222222222222
"C_2_7","sugaku",2,44.4444444444444
"C_2_8","sugaku",3,75
"C_2_9","sugaku",1,8.33333333333333
"C_2_10","sugaku",1,30.5555555555556
"C_2_11","sugaku",3,58.3333333333333
"C_2_12","sugaku",4,91.6666666666667
"C_2_13","sugaku",2,47.2222222222222
"C_2_14","sugaku",2,38.8888888888889
"C_2_15","sugaku",4,75
"C_2_16","sugaku",2,47.2222222222222
"C_2_17","sugaku",1,30.5555555555556
"C_2_18","sugaku",3,66.6666666666667
"C_2_19","sugaku",3,58.3333333333333
"C_2_20","sugaku",3,66.6666666666667
"C_2_21","sugaku",2,33.3333333333333
"C_2_22","sugaku",1,27.7777777777778
"C_2_23","sugaku",1,27.7777777777778
"C_2_24","sugaku",1,22.2222222222222
"C_2_25","sugaku",1,41.6666666666667
"C_2_26","sugaku",4,94.4444444444444
"C_2_27","sugaku",3,66.6666666666667
"C_2_28","sugaku",1,27.7777777777778
"C_2_29","sugaku",1,33.3333333333333
"C_2_30","sugaku",2,41.6666666666667
"D_1_13","sugaku",3,50
"D_1_14","sugaku",1,30.5555555555556
"D_1_15","sugaku",4,94.4444444444444
"D_1_16","sugaku",4,97.2222222222222
"D_1_17","sugaku",2,30.5555555555556
"D_1_18","sugaku",1,25
"D_1_19","sugaku",4,72.2222222222222
"D_1_20","sugaku",1,33.3333333333333
"D_1_21","sugaku",2,44.4444444444444
"D_1_22","sugaku",1,22.2222222222222
"D_1_23","sugaku",1,25
"D_1_24","sugaku",1,25
"D_1_25","sugaku",3,55.5555555555556
"D_1_26","sugaku",1,22.2222222222222
"D_1_27","sugaku",1,25
"D_1_28","sugaku",4,94.4444444444444
"D_1_29","sugaku",1,16.6666666666667
"D_1_30","sugaku",3,50
"D_2_1","sugaku",4,77.7777777777778
"D_2_2","sugaku",1,27.7777777777778
"D_2_3","sugaku",3,61.1111111111111
"D_2_4","sugaku",2,52.7777777777778
"D_2_5","sugaku",1,5.55555555555556
"D_2_6","sugaku",4,88.8888888888889
"D_2_7","sugaku",2,33.3333333333333
"D_2_8","sugaku",1,30.5555555555556
"D_2_9","sugaku",2,44.4444444444444
"D_2_10","sugaku",2,38.8888888888889
"D_2_11","sugaku",2,44.4444444444444
"D_2_12","sugaku",2,44.4444444444444
"D_2_13","sugaku",4,72.2222222222222
"D_2_14","sugaku",1,36.1111111111111
"D_2_15","sugaku",3,61.1111111111111
"D_2_16","sugaku",4,72.2222222222222
"D_2_17","sugaku",1,33.3333333333333
"D_2_18","sugaku",2,58.3333333333333
"D_2_19","sugaku",2,50
"D_2_20","sugaku",3,69.4444444444444
"D_2_21","sugaku",2,36.1111111111111
"D_2_22","sugaku",1,27.7777777777778
"D_2_23","sugaku",3,69.4444444444444
"D_2_24","sugaku",1,19.4444444444444
"D_2_25","sugaku",3,61.1111111111111
"D_2_26","sugaku",2,47.2222222222222
"D_2_27","sugaku",1,27.7777777777778
"D_2_28","sugaku",1,25
"D_2_29","sugaku",3,58.3333333333333
"D_2_30","sugaku",4,91.6666666666667
"A_1_1","rika",1,24.4444444444444
"A_1_2","rika",2,46.6666666666667
"A_1_3","rika",2,53.3333333333333
"A_1_4","rika",1,35.5555555555556
"A_1_5","rika",3,66.6666666666667
"A_1_6","rika",4,84.4444444444444
"A_1_7","rika",2,42.2222222222222
"A_1_8","rika",3,66.6666666666667
"A_1_9","rika",2,42.2222222222222
"A_1_10","rika",2,48.8888888888889
"A_1_11","rika",3,55.5555555555556
"A_1_12","rika",2,57.7777777777778
"A_1_13","rika",4,93.3333333333333
"A_1_14","rika",3,60
"A_1_15","rika",1,37.7777777777778
"A_1_16","rika",1,33.3333333333333
"A_1_17","rika",3,66.6666666666667
"A_1_18","rika",3,60
"A_1_19","rika",4,86.6666666666667
"A_1_20","rika",2,31.1111111111111
"A_1_21","rika",1,33.3333333333333
"A_1_22","rika",4,80
"A_1_23","rika",2,44.4444444444444
"A_1_24","rika",4,73.3333333333333
"A_1_25","rika",3,64.4444444444444
"A_1_26","rika",3,64.4444444444444
"A_1_27","rika",3,55.5555555555556
"A_1_28","rika",4,75.5555555555556
"A_1_29","rika",4,71.1111111111111
"A_1_30","rika",3,68.8888888888889
"A_2_1","rika",1,22.2222222222222
"A_2_2","rika",1,35.5555555555556
"A_2_3","rika",3,57.7777777777778
"A_2_4","rika",3,64.4444444444444
"A_2_5","rika",4,68.8888888888889
"A_2_6","rika",2,46.6666666666667
"A_2_7","rika",4,75.5555555555556
"A_2_8","rika",3,55.5555555555556
"A_2_9","rika",3,68.8888888888889
"A_2_10","rika",3,53.3333333333333
"A_2_11","rika",1,28.8888888888889
"A_2_12","rika",3,68.8888888888889
"A_2_13","rika",1,46.6666666666667
"A_2_14","rika",2,51.1111111111111
"A_2_15","rika",3,53.3333333333333
"A_2_16","rika",4,82.2222222222222
"A_2_17","rika",3,71.1111111111111
"A_2_18","rika",2,40
"A_2_19","rika",2,40
"A_2_20","rika",3,66.6666666666667
"A_2_21","rika",4,71.1111111111111
"A_2_22","rika",4,75.5555555555556
"A_2_23","rika",3,62.2222222222222
"A_2_24","rika",1,31.1111111111111
"A_2_25","rika",1,26.6666666666667
"A_2_26","rika",4,93.3333333333333
"A_2_27","rika",2,57.7777777777778
"A_2_28","rika",3,64.4444444444444
"A_2_29","rika",1,51.1111111111111
"A_2_30","rika",1,20
"B_1_1","rika",2,46.6666666666667
"B_1_2","rika",2,42.2222222222222
"B_1_3","rika",4,68.8888888888889
"B_1_4","rika",4,82.2222222222222
"B_1_5","rika",4,75.5555555555556
"B_1_6","rika",4,91.1111111111111
"B_1_7","rika",1,28.8888888888889
"B_1_8","rika",4,86.6666666666667
"B_1_9","rika",3,71.1111111111111
"B_1_10","rika",3,53.3333333333333
"B_1_11","rika",3,68.8888888888889
"B_1_12","rika",2,42.2222222222222
"B_1_13","rika",3,60
"B_1_14","rika",2,42.2222222222222
"B_1_15","rika",3,55.5555555555556
"B_1_16","rika",2,44.4444444444444
"B_1_17","rika",1,28.8888888888889
"B_1_18","rika",1,37.7777777777778
"B_1_19","rika",3,53.3333333333333
"B_1_20","rika",2,51.1111111111111
"B_1_21","rika",3,48.8888888888889
"B_1_22","rika",4,66.6666666666667
"B_1_23","rika",3,64.4444444444444
"B_1_24","rika",2,37.7777777777778
"B_1_25","rika",3,51.1111111111111
"B_1_26","rika",1,35.5555555555556
"B_1_27","rika",2,51.1111111111111
"B_1_28","rika",4,84.4444444444444
"B_1_29","rika",1,24.4444444444444
"B_1_30","rika",4,84.4444444444444
"B_2_1","rika",3,53.3333333333333
"B_2_2","rika",2,48.8888888888889
"B_2_3","rika",4,91.1111111111111
"B_2_4","rika",4,91.1111111111111
"B_2_5","rika",3,68.8888888888889
"B_2_6","rika",2,42.2222222222222
"B_2_7","rika",1,37.7777777777778
"B_2_8","rika",3,62.2222222222222
"B_2_9","rika",3,66.6666666666667
"B_2_10","rika",1,31.1111111111111
"B_2_11","rika",1,22.2222222222222
"B_2_12","rika",3,48.8888888888889
"B_2_13","rika",4,75.5555555555556
"B_2_14","rika",3,57.7777777777778
"B_2_15","rika",3,71.1111111111111
"B_2_16","rika",3,64.4444444444444
"B_2_17","rika",3,55.5555555555556
"B_2_18","rika",2,53.3333333333333
"B_2_19","rika",1,26.6666666666667
"B_2_20","rika",3,55.5555555555556
"B_2_21","rika",3,53.3333333333333
"B_2_22","rika",4,88.8888888888889
"B_2_23","rika",4,71.1111111111111
"B_2_24","rika",4,73.3333333333333
"B_2_25","rika",2,46.6666666666667
"B_2_26","rika",4,80
"B_2_27","rika",3,68.8888888888889
"B_2_28","rika",2,48.8888888888889
"B_2_29","rika",4,86.6666666666667
"B_2_30","rika",2,51.1111111111111
"C_1_1","rika",2,51.1111111111111
"C_1_2","rika",2,35.5555555555556
"C_1_3","rika",1,11.1111111111111
"C_1_4","rika",1,17.7777777777778
"C_1_5","rika",2,51.1111111111111
"C_1_6","rika",1,37.7777777777778
"C_1_7","rika",3,53.3333333333333
"C_1_8","rika",1,24.4444444444444
"C_1_9","rika",3,51.1111111111111
"C_1_10","rika",1,35.5555555555556
"C_1_11","rika",4,73.3333333333333
"C_1_12","rika",2,48.8888888888889
"C_1_13","rika",3,68.8888888888889
"C_1_14","rika",3,57.7777777777778
"C_1_15","rika",4,95.5555555555556
"C_1_16","rika",2,46.6666666666667
"C_1_17","rika",4,77.7777777777778
"C_1_18","rika",4,73.3333333333333
"C_1_19","rika",1,42.2222222222222
"C_1_20","rika",4,77.7777777777778
"C_1_21","rika",2,40
"C_1_22","rika",4,84.4444444444444
"C_1_23","rika",1,28.8888888888889
"C_1_24","rika",4,77.7777777777778
"C_1_25","rika",4,86.6666666666667
"C_1_26","rika",3,55.5555555555556
"C_1_27","rika",4,97.7777777777778
"C_1_28","rika",4,75.5555555555556
"C_1_29","rika",1,22.2222222222222
"C_1_30","rika",4,75.5555555555556
"C_2_1","rika",1,26.6666666666667
"C_2_2","rika",1,37.7777777777778
"C_2_3","rika",1,35.5555555555556
"C_2_4","rika",2,42.2222222222222
"C_2_5","rika",1,37.7777777777778
"C_2_6","rika",2,44.4444444444444
"C_2_7","rika",4,71.1111111111111
"C_2_8","rika",3,60
"C_2_9","rika",4,66.6666666666667
"C_2_10","rika",4,66.6666666666667
"C_2_11","rika",3,55.5555555555556
"C_2_12","rika",2,40
"C_2_13","rika",3,60
"C_2_14","rika",4,88.8888888888889
"C_2_15","rika",1,35.5555555555556
"C_2_16","rika",3,60
"C_2_17","rika",2,46.6666666666667
"C_2_18","rika",4,71.1111111111111
"C_2_19","rika",3,57.7777777777778
"C_2_20","rika",2,42.2222222222222
"C_2_21","rika",1,31.1111111111111
"C_2_22","rika",1,20
"C_2_23","rika",2,46.6666666666667
"C_2_24","rika",4,75.5555555555556
"C_2_25","rika",1,31.1111111111111
"C_2_26","rika",1,28.8888888888889
"C_2_27","rika",1,37.7777777777778
"C_2_28","rika",4,77.7777777777778
"C_2_29","rika",2,46.6666666666667
"C_2_30","rika",1,26.6666666666667
"D_1_13","rika",2,53.3333333333333
"D_1_14","rika",2,51.1111111111111
"D_1_15","rika",4,82.2222222222222
"D_1_16","rika",4,88.8888888888889
"D_1_17","rika",2,53.3333333333333
"D_1_18","rika",2,42.2222222222222
"D_1_19","rika",4,75.5555555555556
"D_1_20","rika",1,22.2222222222222
"D_1_21","rika",2,46.6666666666667
"D_1_22","rika",1,31.1111111111111
"D_1_23","rika",1,28.8888888888889
"D_1_24","rika",1,37.7777777777778
"D_1_25","rika",4,77.7777777777778
"D_1_26","rika",2,46.6666666666667
"D_1_27","rika",1,26.6666666666667
"D_1_28","rika",4,82.2222222222222
"D_1_29","rika",1,33.3333333333333
"D_1_30","rika",4,66.6666666666667
"D_2_1","rika",4,71.1111111111111
"D_2_2","rika",3,57.7777777777778
"D_2_3","rika",2,42.2222222222222
"D_2_4","rika",2,42.2222222222222
"D_2_5","rika",1,37.7777777777778
"D_2_6","rika",4,91.1111111111111
"D_2_7","rika",2,44.4444444444444
"D_2_8","rika",2,44.4444444444444
"D_2_9","rika",2,40
"D_2_10","rika",2,51.1111111111111
"D_2_11","rika",3,62.2222222222222
"D_2_12","rika",1,31.1111111111111
"D_2_13","rika",3,66.6666666666667
"D_2_14","rika",2,48.8888888888889
"D_2_15","rika",4,75.5555555555556
"D_2_16","rika",4,75.5555555555556
"D_2_17","rika",2,37.7777777777778
"D_2_18","rika",4,68.8888888888889
"D_2_19","rika",2,42.2222222222222
"D_2_20","rika",3,60
"D_2_21","rika",2,42.2222222222222
"D_2_22","rika",2,46.6666666666667
"D_2_23","rika",2,51.1111111111111
"D_2_24","rika",1,13.3333333333333
"D_2_25","rika",1,35.5555555555556
"D_2_26","rika",3,57.7777777777778
"D_2_27","rika",2,42.2222222222222
"D_2_28","rika",1,24.4444444444444
"D_2_29","rika",2,46.6666666666667
"D_2_30","rika",4,82.2222222222222
"A_1_1","eigo",1,33.8983050847458
"A_1_2","eigo",1,23.728813559322
"A_1_3","eigo",3,54.2372881355932
"A_1_4","eigo",2,40.6779661016949
"A_1_5","eigo",3,62.7118644067797
"A_1_6","eigo",4,84.7457627118644
"A_1_7","eigo",1,33.8983050847458
"A_1_8","eigo",4,77.9661016949153
"A_1_9","eigo",3,62.7118644067797
"A_1_10","eigo",4,71.1864406779661
"A_1_11","eigo",3,62.7118644067797
"A_1_12","eigo",3,57.6271186440678
"A_1_13","eigo",3,67.7966101694915
"A_1_14","eigo",3,62.7118644067797
"A_1_15","eigo",4,83.0508474576271
"A_1_16","eigo",3,66.1016949152542
"A_1_17","eigo",4,76.271186440678
"A_1_18","eigo",4,81.3559322033898
"A_1_19","eigo",4,91.5254237288136
"A_1_20","eigo",4,66.1016949152542
"A_1_21","eigo",1,30.5084745762712
"A_1_22","eigo",4,83.0508474576271
"A_1_23","eigo",3,64.4067796610169
"A_1_24","eigo",3,59.3220338983051
"A_1_25","eigo",4,77.9661016949153
"A_1_26","eigo",3,62.7118644067797
"A_1_27","eigo",1,35.5932203389831
"A_1_28","eigo",4,79.6610169491525
"A_1_29","eigo",3,55.9322033898305
"A_1_30","eigo",3,67.7966101694915
"A_2_1","eigo",1,28.8135593220339
"A_2_2","eigo",1,28.8135593220339
"A_2_3","eigo",2,49.1525423728814
"A_2_4","eigo",3,71.1864406779661
"A_2_5","eigo",4,77.9661016949153
"A_2_6","eigo",2,47.4576271186441
"A_2_7","eigo",4,89.8305084745763
"A_2_8","eigo",3,61.0169491525424
"A_2_9","eigo",3,69.4915254237288
"A_2_10","eigo",2,50.8474576271186
"A_2_11","eigo",2,35.5932203389831
"A_2_12","eigo",3,69.4915254237288
"A_2_13","eigo",2,49.1525423728814
"A_2_14","eigo",2,37.2881355932203
"A_2_15","eigo",4,71.1864406779661
"A_2_16","eigo",4,89.8305084745763
"A_2_17","eigo",2,44.0677966101695
"A_2_18","eigo",3,67.7966101694915
"A_2_19","eigo",2,44.0677966101695
"A_2_20","eigo",3,71.1864406779661
"A_2_21","eigo",3,66.1016949152542
"A_2_22","eigo",3,61.0169491525424
"A_2_23","eigo",3,62.7118644067797
"A_2_24","eigo",1,25.4237288135593
"A_2_25","eigo",2,38.9830508474576
"A_2_26","eigo",4,88.135593220339
"A_2_27","eigo",2,42.3728813559322
"A_2_28","eigo",4,79.6610169491525
"A_2_29","eigo",3,62.7118644067797
"A_2_30","eigo",1,28.8135593220339
"B_1_1","eigo",3,61.0169491525424
"B_1_2","eigo",1,32.2033898305085
"B_1_3","eigo",2,52.5423728813559
"B_1_4","eigo",4,72.8813559322034
"B_1_5","eigo",4,93.2203389830508
"B_1_6","eigo",3,66.1016949152542
"B_1_7","eigo",2,44.0677966101695
"B_1_8","eigo",1,30.5084745762712
"B_1_9","eigo",4,76.271186440678
"B_1_10","eigo",3,67.7966101694915
"B_1_11","eigo",1,27.1186440677966
"B_1_12","eigo",4,89.8305084745763
"B_1_13","eigo",3,66.1016949152542
"B_1_14","eigo",1,27.1186440677966
"B_1_15","eigo",2,42.3728813559322
"B_1_16","eigo",2,42.3728813559322
"B_1_17","eigo",2,47.4576271186441
"B_1_18","eigo",1,27.1186440677966
"B_1_19","eigo",4,72.8813559322034
"B_1_20","eigo",2,47.4576271186441
"B_1_21","eigo",1,23.728813559322
"B_1_22","eigo",4,76.271186440678
"B_1_23","eigo",4,74.5762711864407
"B_1_24","eigo",4,98.3050847457627
"B_1_25","eigo",1,23.728813559322
"B_1_26","eigo",3,54.2372881355932
"B_1_27","eigo",3,69.4915254237288
"B_1_28","eigo",3,69.4915254237288
"B_1_29","eigo",1,16.9491525423729
"B_1_30","eigo",4,96.6101694915254
"B_2_1","eigo",3,59.3220338983051
"B_2_2","eigo",2,50.8474576271186
"B_2_3","eigo",4,96.6101694915254
"B_2_4","eigo",4,77.9661016949153
"B_2_5","eigo",3,71.1864406779661
"B_2_6","eigo",3,57.6271186440678
"B_2_7","eigo",2,38.9830508474576
"B_2_8","eigo",1,38.9830508474576
"B_2_9","eigo",4,77.9661016949153
"B_2_10","eigo",3,59.3220338983051
"B_2_11","eigo",2,47.4576271186441
"B_2_12","eigo",4,79.6610169491525
"B_2_13","eigo",4,79.6610169491525
"B_2_14","eigo",3,64.4067796610169
"B_2_15","eigo",4,84.7457627118644
"B_2_16","eigo",3,61.0169491525424
"B_2_17","eigo",4,83.0508474576271
"B_2_18","eigo",4,77.9661016949153
"B_2_19","eigo",1,37.2881355932203
"B_2_20","eigo",3,66.1016949152542
"B_2_21","eigo",3,64.4067796610169
"B_2_22","eigo",4,89.8305084745763
"B_2_23","eigo",4,81.3559322033898
"B_2_24","eigo",2,55.9322033898305
"B_2_25","eigo",2,54.2372881355932
"B_2_26","eigo",4,91.5254237288136
"B_2_27","eigo",4,84.7457627118644
"B_2_28","eigo",2,55.9322033898305
"B_2_29","eigo",4,81.3559322033898
"B_2_30","eigo",2,55.9322033898305
"C_1_1","eigo",2,40.6779661016949
"C_1_2","eigo",4,84.7457627118644
"C_1_3","eigo",3,54.2372881355932
"C_1_4","eigo",3,76.271186440678
"C_1_5","eigo",2,42.3728813559322
"C_1_6","eigo",3,55.9322033898305
"C_1_7","eigo",4,76.271186440678
"C_1_8","eigo",2,42.3728813559322
"C_1_9","eigo",2,49.1525423728814
"C_1_10","eigo",3,55.9322033898305
"C_1_11","eigo",4,94.9152542372881
"C_1_12","eigo",2,47.4576271186441
"C_1_13","eigo",3,62.7118644067797
"C_1_14","eigo",4,84.7457627118644
"C_1_15","eigo",3,64.4067796610169
"C_1_16","eigo",3,57.6271186440678
"C_1_17","eigo",2,54.2372881355932
"C_1_18","eigo",2,50.8474576271186
"C_1_19","eigo",2,35.5932203389831
"C_1_20","eigo",1,23.728813559322
"C_1_21","eigo",3,66.1016949152542
"C_1_22","eigo",3,69.4915254237288
"C_1_23","eigo",1,30.5084745762712
"C_1_24","eigo",1,32.2033898305085
"C_1_25","eigo",3,66.1016949152542
"C_1_26","eigo",2,37.2881355932203
"C_1_27","eigo",1,25.4237288135593
"C_1_28","eigo",1,16.9491525423729
"C_1_29","eigo",1,33.8983050847458
"C_1_30","eigo",2,40.6779661016949
"C_2_1","eigo",2,33.8983050847458
"C_2_3","eigo",1,15.2542372881356
"C_2_4","eigo",1,22.0338983050847
"C_2_5","eigo",3,57.6271186440678
"C_2_6","eigo",4,79.6610169491525
"C_2_7","eigo",4,72.8813559322034
"C_2_8","eigo",3,71.1864406779661
"C_2_10","eigo",2,49.1525423728814
"C_2_11","eigo",3,59.3220338983051
"C_2_12","eigo",2,44.0677966101695
"C_2_13","eigo",1,33.8983050847458
"C_2_14","eigo",2,40.6779661016949
"C_2_15","eigo",4,84.7457627118644
"C_2_16","eigo",1,23.728813559322
"C_2_17","eigo",2,37.2881355932203
"C_2_18","eigo",4,93.2203389830508
"C_2_19","eigo",3,71.1864406779661
"C_2_20","eigo",4,72.8813559322034
"C_2_21","eigo",2,40.6779661016949
"C_2_22","eigo",1,23.728813559322
"C_2_23","eigo",1,20.3389830508475
"C_2_24","eigo",1,22.0338983050847
"C_2_25","eigo",2,55.9322033898305
"C_2_26","eigo",4,81.3559322033898
"C_2_27","eigo",4,74.5762711864407
"C_2_29","eigo",2,54.2372881355932
"C_2_30","eigo",4,76.271186440678
"D_1_13","eigo",2,50.8474576271186
"D_1_14","eigo",3,64.4067796610169
"D_1_15","eigo",4,91.5254237288136
"D_1_16","eigo",4,96.6101694915254
"D_1_17","eigo",2,45.7627118644068
"D_1_18","eigo",3,64.4067796610169
"D_1_19","eigo",3,67.7966101694915
"D_1_20","eigo",1,37.2881355932203
"D_1_21","eigo",2,37.2881355932203
"D_1_22","eigo",4,84.7457627118644
"D_1_23","eigo",1,35.5932203389831
"D_1_24","eigo",1,30.5084745762712
"D_1_25","eigo",3,62.7118644067797
"D_1_26","eigo",2,44.0677966101695
"D_1_27","eigo",1,30.5084745762712
"D_1_28","eigo",4,77.9661016949153
"D_1_29","eigo",2,40.6779661016949
"D_1_30","eigo",4,83.0508474576271
"D_2_1","eigo",4,77.9661016949153
"D_2_2","eigo",1,33.8983050847458
"D_2_3","eigo",3,61.0169491525424
"D_2_4","eigo",3,59.3220338983051
"D_2_5","eigo",1,27.1186440677966
"D_2_6","eigo",4,77.9661016949153
"D_2_7","eigo",3,74.5762711864407
"D_2_8","eigo",1,28.8135593220339
"D_2_9","eigo",3,64.4067796610169
"D_2_10","eigo",2,35.5932203389831
"D_2_11","eigo",3,59.3220338983051
"D_2_12","eigo",1,22.0338983050847
"D_2_13","eigo",3,59.3220338983051
"D_2_14","eigo",2,44.0677966101695
"D_2_15","eigo",3,66.1016949152542
"D_2_16","eigo",4,77.9661016949153
"D_2_17","eigo",1,33.8983050847458
"D_2_18","eigo",3,62.7118644067797
"D_2_19","eigo",1,35.5932203389831
"D_2_20","eigo",1,45.7627118644068
"D_2_21","eigo",1,28.8135593220339
"D_2_22","eigo",1,32.2033898305085
"D_2_23","eigo",1,32.2033898305085
"D_2_24","eigo",1,22.0338983050847
"D_2_25","eigo",1,28.8135593220339
"D_2_26","eigo",3,61.0169491525424
"D_2_27","eigo",1,30.5084745762712
"D_2_28","eigo",1,32.2033898305085
"D_2_29","eigo",3,71.1864406779661
"D_2_30","eigo",4,89.8305084745763
