school,class_id,student_no,kokugo_att_1,kokugo_att_2,kokugo_att_3,kokugo_att_4,kokugo_att_5,kokugo_att_6,kokugo_att_7,kokugo_att_8,kokugo_att_9,kokugo_att_10,kokugo_att_11,kokugo_att_12,shakai_att_1,shakai_att_2,shakai_att_3,shakai_att_4,shakai_att_5,shakai_att_6,shakai_att_7,shakai_att_8,shakai_att_9,shakai_att_10,shakai_att_11,shakai_att_12,sugaku_att_1,sugaku_att_2,sugaku_att_3,sugaku_att_4,sugaku_att_5,sugaku_att_6,sugaku_att_7,sugaku_att_8,sugaku_att_9,sugaku_att_10,sugaku_att_11,sugaku_att_12,rika_att_1,rika_att_2,rika_att_3,rika_att_4,rika_att_5,rika_att_6,rika_att_7,rika_att_8,rika_att_9,rika_att_10,rika_att_11,rika_att_12,eigo_att_1,eigo_att_2,eigo_att_3,eigo_att_4,eigo_att_5,eigo_att_6,eigo_att_7,eigo_att_8,eigo_att_9,eigo_att_10,eigo_att_11,eigo_att_12
A,1,1,4,3,4,3,4,4,4,4,4,4,4,4,4.0,3.0,4.0,4.0,4.0,3.0,3.0,4.0,3.0,3.0,4.0,4.0,3,3,4,3,3,3,3,4,3,4,4,4,4,3,4,4,3,3,3,4,4,4,4,4,4.0,3.0,4.0,3.0,3.0,3.0,3.0,4.0,3.0,3.0,4.0,4.0
A,1,2,2,2,2,2,2,2,2,2,2,2,2,2,3.0,3.0,3.0,3.0,3.0,2.0,3.0,3.0,3.0,3.0,3.0,3.0,3,2,3,3,3,2,3,3,3,3,2,3,3,3,3,3,3,2,3,3,3,3,3,3,3.0,3.0,3.0,3.0,3.0,2.0,3.0,2.0,3.0,3.0,3.0,3.0
A,1,3,4,2,3,2,4,3,3,4,3,3,4,4,4.0,4.0,4.0,3.0,4.0,4.0,3.0,4.0,4.0,4.0,4.0,3.0,3,3,3,1,4,3,2,4,3,2,4,4,3,3,3,3,3,4,3,4,4,3,4,3,3.0,4.0,4.0,2.0,4.0,4.0,3.0,4.0,4.0,3.0,4.0,4.0
A,1,4,4,4,4,3,4,4,4,4,4,3,4,4,4.0,4.0,4.0,4.0,4.0,4.0,4.0,4.0,4.0,4.0,4.0,4.0,4,4,4,4,4,4,4,4,4,4,4,4,4,4,4,3,4,4,3,4,4,4,4,4,4.0,4.0,4.0,3.0,4.0,4.0,3.0,4.0,4.0,4.0,4.0,4.0
A,1,5,3,2,3,3,4,3,2,4,4,3,3,3,4.0,3.0,3.0,3.0,4.0,3.0,3.0,4.0,3.0,2.0,3.0,3.0,3,3,3,3,3,3,2,4,3,3,3,3,3,2,3,3,3,2,2,4,4,3,3,4,4.0,3.0,3.0,4.0,3.0,3.0,3.0,4.0,3.0,3.0,4.0,4.0
A,1,6,4,4,4,4,4,4,4,4,3,4,4,4,4.0,4.0,4.0,4.0,4.0,4.0,4.0,4.0,4.0,4.0,4.0,4.0,4,4,4,4,4,4,4,4,4,4,4,4,4,4,4,4,4,4,4,4,4,4,4,4,4.0,4.0,4.0,4.0,4.0,4.0,4.0,4.0,4.0,4.0,4.0,4.0
A,1,7,4,2,4,3,4,3,3,4,4,2,3,4,4.0,3.0,3.0,4.0,4.0,3.0,3.0,4.0,4.0,3.0,3.0,4.0,2,3,3,3,3,4,3,4,3,3,3,4,4,3,4,3,4,3,3,4,4,4,4,4,3.0,3.0,3.0,2.0,4.0,3.0,3.0,4.0,2.0,3.0,3.0,3.0
A,1,8,3,3,4,4,3,2,2,4,3,4,4,3,3.0,3.0,4.0,4.0,3.0,2.0,3.0,4.0,3.0,3.0,4.0,3.0,3,3,4,4,4,3,3,4,4,4,4,3,4,4,4,4,4,4,4,4,4,4,4,4,4.0,3.0,4.0,4.0,4.0,3.0,2.0,4.0,3.0,4.0,4.0,3.0
A,1,9,4,3,4,3,4,3,3,4,4,4,4,4,2.0,3.0,3.0,3.0,2.0,3.0,3.0,3.0,4.0,3.0,2.0,2.0,4,4,4,4,4,4,4,4,4,4,4,4,4,3,4,3,3,4,4,3,4,4,3,4,4.0,4.0,4.0,4.0,4.0,4.0,4.0,4.0,4.0,4.0,4.0,4.0
A,1,10,3,2,4,4,3,3,2,3,4,4,3,3,3.0,3.0,3.0,3.0,3.0,3.0,3.0,3.0,3.0,3.0,3.0,3.0,3,3,3,3,3,3,3,3,3,3,3,3,3,3,3,3,3,3,3,3,3,3,3,3,3.0,3.0,3.0,3.0,3.0,3.0,3.0,3.0,3.0,3.0,3.0,3.0
A,1,11,4,4,4,4,4,4,4,4,4,4,4,4,4.0,4.0,4.0,4.0,4.0,4.0,4.0,4.0,4.0,4.0,4.0,4.0,4,4,4,4,4,4,4,4,4,4,4,4,4,4,4,4,4,4,4,4,4,4,4,4,4.0,4.0,4.0,4.0,4.0,4.0,4.0,4.0,4.0,4.0,4.0,4.0
A,1,12,4,3,4,3,3,3,4,4,3,3,4,3,3.0,3.0,3.0,3.0,3.0,3.0,3.0,4.0,3.0,4.0,4.0,3.0,3,3,3,3,3,3,3,4,3,4,3,3,4,3,4,3,4,3,4,4,4,4,4,3,3.0,3.0,3.0,3.0,3.0,3.0,3.0,0.0,3.0,4.0,4.0,3.0
A,1,13,3,2,3,3,3,2,2,2,3,2,2,3,2.0,2.0,3.0,2.0,2.0,2.0,2.0,3.0,2.0,2.0,2.0,3.0,3,2,3,3,3,2,2,3,2,3,2,3,4,2,3,3,4,2,2,3,4,3,3,4,2.0,2.0,2.0,2.0,2.0,2.0,2.0,2.0,1.0,2.0,2.0,1.0
A,1,14,4,4,4,3,4,4,4,4,4,4,4,4,4.0,4.0,4.0,4.0,4.0,4.0,4.0,4.0,3.0,4.0,4.0,4.0,3,3,3,3,3,2,3,3,2,3,3,3,4,4,3,3,4,4,4,4,4,4,4,4,4.0,4.0,4.0,3.0,4.0,3.0,4.0,4.0,4.0,3.0,4.0,4.0
A,1,15,3,2,3,3,4,2,2,2,3,2,3,4,1.0,2.0,3.0,1.0,3.0,2.0,1.0,1.0,1.0,2.0,3.0,3.0,2,2,3,1,2,2,1,1,2,3,2,1,3,3,3,4,3,2,3,4,4,4,3,4,4.0,4.0,4.0,4.0,4.0,3.0,4.0,3.0,3.0,3.0,3.0,4.0
A,1,16,4,4,4,4,4,4,4,4,4,4,4,4,4.0,4.0,4.0,4.0,4.0,4.0,4.0,4.0,4.0,4.0,4.0,4.0,4,4,4,4,4,4,4,4,4,4,4,4,4,4,4,4,4,4,4,4,4,4,4,4,4.0,4.0,4.0,4.0,4.0,4.0,4.0,4.0,4.0,4.0,4.0,4.0
A,1,17,3,3,3,3,3,3,3,3,3,3,3,3,4.0,3.0,3.0,3.0,3.0,3.0,3.0,4.0,4.0,4.0,4.0,4.0,3,3,3,3,3,3,3,3,3,3,3,3,4,3,3,3,3,3,3,3,4,4,4,4,4.0,3.0,3.0,3.0,4.0,4.0,4.0,4.0,4.0,4.0,4.0,4.0
A,1,18,3,4,4,3,4,3,3,4,3,2,4,3,3.0,3.0,4.0,3.0,3.0,4.0,4.0,4.0,4.0,4.0,4.0,3.0,4,4,4,3,4,4,4,4,4,4,4,3,4,4,3,4,4,4,4,4,4,4,4,4,4.0,4.0,4.0,3.0,4.0,4.0,4.0,4.0,4.0,4.0,4.0,4.0
A,1,19,4,3,4,4,4,4,3,4,4,4,4,4,4.0,4.0,4.0,4.0,4.0,4.0,3.0,4.0,4.0,4.0,4.0,4.0,4,4,4,4,3,4,3,4,4,4,4,4,4,4,4,4,4,4,3,4,4,4,4,4,4.0,4.0,4.0,4.0,4.0,4.0,4.0,4.0,4.0,4.0,4.0,4.0
A,1,20,3,3,4,3,4,2,3,3,3,4,3,4,4.0,3.0,4.0,4.0,4.0,3.0,3.0,4.0,4.0,4.0,4.0,3.0,3,2,3,2,4,3,2,4,3,2,3,4,4,3,4,4,4,3,3,4,3,3,4,4,4.0,3.0,4.0,4.0,4.0,4.0,4.0,4.0,4.0,4.0,3.0,4.0
A,1,21,4,1,4,3,4,1,4,3,3,3,3,3,4.0,4.0,4.0,4.0,4.0,4.0,4.0,4.0,4.0,4.0,4.0,4.0,4,4,4,4,4,4,4,0,4,4,4,4,4,4,4,4,4,4,4,4,4,4,4,4,4.0,4.0,4.0,4.0,4.0,4.0,4.0,4.0,4.0,4.0,4.0,4.0
A,1,22,4,3,4,3,4,3,2,3,4,4,4,4,4.0,3.0,4.0,4.0,4.0,3.0,2.0,4.0,3.0,3.0,3.0,4.0,3,2,4,3,4,3,2,3,3,4,3,4,4,3,4,3,4,3,2,3,4,3,3,4,4.0,3.0,4.0,3.0,3.0,3.0,2.0,3.0,4.0,3.0,3.0,4.0
A,1,23,4,4,4,4,4,2,4,4,2,4,4,4,3.0,3.0,4.0,3.0,3.0,3.0,3.0,4.0,4.0,3.0,4.0,3.0,4,4,4,3,4,4,4,4,3,3,4,3,3,3,4,3,4,3,4,4,4,4,4,4,4.0,4.0,4.0,4.0,4.0,4.0,4.0,4.0,3.0,4.0,4.0,4.0
A,1,24,4,4,4,4,4,4,4,4,4,4,4,4,4.0,4.0,4.0,4.0,4.0,4.0,4.0,4.0,4.0,4.0,4.0,4.0,4,4,4,4,4,4,4,4,4,0,0,0,4,4,4,4,4,4,4,4,4,4,4,4,4.0,4.0,4.0,4.0,4.0,4.0,4.0,4.0,4.0,4.0,4.0,4.0
A,1,25,4,3,4,3,4,4,4,4,4,3,3,4,4.0,4.0,3.0,4.0,4.0,3.0,3.0,4.0,4.0,4.0,3.0,4.0,4,4,4,4,4,4,3,4,4,3,4,4,4,3,4,4,4,3,4,4,4,4,3,4,4.0,3.0,4.0,4.0,4.0,4.0,3.0,4.0,4.0,4.0,3.0,4.0
A,1,26,4,3,3,3,4,2,3,3,4,3,2,4,3.0,3.0,3.0,3.0,3.0,2.0,2.0,3.0,3.0,3.0,3.0,3.0,3,3,3,3,3,3,3,3,3,3,3,3,3,3,3,2,3,3,3,3,3,3,3,3,4.0,4.0,4.0,3.0,3.0,3.0,3.0,3.0,4.0,4.0,4.0,4.0
A,1,27,1,1,1,1,1,1,1,1,1,1,1,1,4.0,4.0,4.0,4.0,4.0,4.0,4.0,4.0,4.0,4.0,4.0,4.0,4,4,4,4,4,4,4,4,4,4,4,4,4,4,4,4,4,4,4,4,4,4,4,4,4.0,4.0,4.0,4.0,4.0,4.0,4.0,4.0,4.0,4.0,4.0,4.0
A,1,28,3,4,4,3,4,4,2,4,4,4,4,3,4.0,4.0,4.0,3.0,4.0,3.0,2.0,4.0,4.0,4.0,4.0,4.0,4,4,4,3,4,4,2,4,4,4,4,2,4,4,4,3,4,4,2,4,4,4,4,3,3.0,4.0,4.0,3.0,4.0,4.0,2.0,4.0,4.0,4.0,4.0,4.0
A,1,29,4,4,4,4,4,4,4,4,4,4,3,4,4.0,4.0,4.0,4.0,4.0,4.0,4.0,4.0,4.0,4.0,4.0,4.0,4,4,4,4,4,4,4,4,4,4,4,4,4,4,4,4,4,4,4,4,4,4,4,4,4.0,3.0,4.0,3.0,4.0,3.0,3.0,4.0,4.0,3.0,4.0,4.0
A,1,30,4,4,4,4,4,4,4,4,4,4,4,4,4.0,4.0,4.0,4.0,4.0,4.0,4.0,4.0,4.0,4.0,4.0,4.0,3,3,3,3,3,3,3,3,3,3,3,3,4,4,4,4,4,4,4,4,4,4,4,4,3.0,3.0,3.0,3.0,3.0,3.0,3.0,3.0,3.0,3.0,3.0,3.0
A,2,1,1,1,1,1,1,1,1,1,1,1,1,1,4.0,4.0,4.0,4.0,4.0,4.0,4.0,4.0,4.0,4.0,4.0,4.0,4,4,4,4,4,4,4,4,4,4,4,4,4,4,4,4,4,4,4,4,4,4,4,4,4.0,4.0,4.0,4.0,4.0,4.0,4.0,4.0,4.0,4.0,4.0,4.0
A,2,2,4,3,3,3,3,3,2,3,2,2,3,3,4.0,3.0,3.0,3.0,4.0,3.0,4.0,4.0,3.0,3.0,4.0,3.0,3,3,3,3,3,3,3,3,3,3,3,3,4,3,3,3,3,3,3,3,3,3,3,3,4.0,3.0,3.0,3.0,3.0,3.0,3.0,3.0,3.0,3.0,3.0,3.0
A,2,3,4,4,4,3,4,3,4,4,1,4,4,4,3.0,3.0,3.0,3.0,3.0,3.0,4.0,4.0,4.0,4.0,4.0,4.0,3,3,3,3,3,3,3,4,4,4,4,4,4,4,3,4,4,4,4,4,4,4,4,4,2.0,3.0,3.0,2.0,2.0,3.0,3.0,3.0,4.0,4.0,4.0,4.0
A,2,4,4,3,4,3,4,3,3,4,4,3,4,3,4.0,3.0,3.0,4.0,3.0,4.0,4.0,3.0,3.0,4.0,3.0,3.0,4,4,3,4,4,3,4,3,4,3,4,4,4,4,4,4,4,4,4,4,4,3,4,4,4.0,4.0,4.0,4.0,3.0,4.0,3.0,3.0,4.0,3.0,3.0,4.0
A,2,5,3,3,4,3,3,3,4,4,3,4,4,3,4.0,4.0,4.0,4.0,4.0,4.0,4.0,4.0,4.0,4.0,4.0,4.0,4,4,4,4,4,4,4,4,4,4,4,4,4,3,3,4,3,3,3,4,4,3,4,4,4.0,4.0,4.0,4.0,4.0,4.0,4.0,4.0,4.0,3.0,4.0,4.0
A,2,6,4,4,4,3,4,3,3,4,2,3,4,4,3.0,3.0,3.0,3.0,3.0,3.0,3.0,4.0,3.0,3.0,3.0,3.0,3,3,3,3,3,3,3,4,3,3,3,3,3,3,3,3,3,3,3,4,4,4,3,3,4.0,3.0,4.0,3.0,3.0,3.0,3.0,4.0,3.0,3.0,4.0,3.0
A,2,7,4,4,4,4,4,4,2,4,4,4,4,4,4.0,4.0,4.0,4.0,4.0,4.0,4.0,4.0,4.0,4.0,4.0,4.0,4,4,4,4,4,4,4,4,4,4,4,4,4,4,4,4,4,4,4,4,4,4,4,4,4.0,4.0,4.0,4.0,4.0,4.0,4.0,4.0,4.0,4.0,4.0,4.0
A,2,8,4,4,4,4,4,4,3,4,4,3,3,4,4.0,4.0,4.0,3.0,4.0,4.0,4.0,4.0,4.0,4.0,4.0,3.0,4,4,4,4,4,4,4,4,4,4,4,4,4,4,4,4,4,4,4,4,4,4,4,4,4.0,4.0,4.0,4.0,4.0,4.0,4.0,4.0,4.0,4.0,4.0,4.0
A,2,9,2,3,4,3,2,3,2,4,3,3,4,3,3.0,3.0,4.0,3.0,3.0,3.0,3.0,4.0,2.0,4.0,4.0,2.0,3,3,4,3,3,3,3,4,3,4,4,3,4,3,4,3,3,3,3,4,4,4,4,4,3.0,3.0,4.0,3.0,3.0,3.0,3.0,3.0,2.0,3.0,4.0,3.0
A,2,10,4,4,4,4,4,4,4,4,1,4,4,4,4.0,4.0,4.0,4.0,4.0,4.0,4.0,4.0,4.0,4.0,4.0,4.0,1,1,1,1,1,1,1,1,1,1,1,1,4,4,4,4,4,4,4,4,4,4,4,4,4.0,4.0,4.0,4.0,4.0,4.0,4.0,4.0,4.0,4.0,4.0,4.0
A,2,11,4,4,4,4,4,4,4,4,4,4,4,4,4.0,4.0,4.0,4.0,4.0,4.0,4.0,4.0,4.0,4.0,4.0,4.0,4,4,4,4,4,4,4,4,4,4,4,4,4,4,4,4,4,4,4,4,4,4,4,4,4.0,4.0,4.0,4.0,4.0,4.0,4.0,4.0,4.0,4.0,4.0,4.0
A,2,12,3,3,3,0,2,2,2,3,3,3,3,2,4.0,3.0,3.0,3.0,3.0,2.0,2.0,3.0,3.0,3.0,3.0,3.0,2,3,3,2,1,2,2,3,2,3,3,3,3,2,3,2,2,2,2,3,4,3,3,2,3.0,2.0,3.0,2.0,2.0,2.0,2.0,3.0,3.0,3.0,3.0,3.0
A,2,13,4,4,4,4,4,4,4,4,4,4,4,4,4.0,4.0,4.0,4.0,4.0,4.0,4.0,4.0,4.0,4.0,4.0,4.0,4,4,4,4,4,4,4,4,4,4,4,4,4,4,4,4,4,4,4,4,4,4,4,4,4.0,4.0,4.0,4.0,4.0,4.0,4.0,4.0,4.0,4.0,4.0,4.0
A,2,14,3,3,3,3,4,4,3,4,3,4,4,4,3.0,3.0,3.0,3.0,3.0,3.0,3.0,4.0,4.0,3.0,3.0,3.0,3,4,3,3,3,3,3,4,4,3,3,4,4,3,3,3,4,3,3,4,4,3,3,3,3.0,3.0,3.0,3.0,3.0,3.0,4.0,4.0,3.0,3.0,3.0,4.0
A,2,15,3,3,4,4,3,2,2,4,2,3,3,4,3.0,3.0,4.0,3.0,4.0,3.0,2.0,4.0,3.0,3.0,3.0,3.0,3,3,3,3,4,3,2,4,3,2,3,3,3,3,3,3,4,3,2,4,4,3,4,3,3.0,3.0,4.0,4.0,4.0,3.0,3.0,4.0,4.0,4.0,4.0,4.0
A,2,16,4,4,4,4,4,4,4,4,4,4,4,4,4.0,4.0,4.0,4.0,3.0,4.0,2.0,4.0,4.0,3.0,4.0,4.0,4,4,4,4,2,4,2,4,4,4,4,3,4,4,4,4,4,4,3,4,4,4,4,4,4.0,4.0,4.0,4.0,4.0,4.0,3.0,4.0,4.0,4.0,4.0,4.0
A,2,17,3,3,3,3,3,3,3,4,2,3,3,4,3.0,3.0,3.0,3.0,3.0,3.0,3.0,3.0,3.0,3.0,3.0,3.0,3,3,3,3,3,3,3,4,3,3,3,4,3,3,3,3,3,3,3,4,3,3,3,4,3.0,3.0,3.0,3.0,3.0,3.0,3.0,4.0,3.0,3.0,3.0,4.0
A,2,18,4,4,4,4,4,4,4,4,4,4,4,4,4.0,4.0,0.0,0.0,4.0,4.0,4.0,4.0,4.0,4.0,4.0,4.0,4,4,4,4,4,4,4,4,4,4,4,4,4,4,4,4,4,4,4,4,4,4,4,4,4.0,4.0,4.0,4.0,4.0,4.0,4.0,4.0,4.0,4.0,4.0,4.0
A,2,19,2,3,3,3,2,2,2,3,2,3,3,3,3.0,3.0,3.0,3.0,3.0,3.0,3.0,3.0,3.0,3.0,3.0,3.0,3,4,3,3,4,3,3,4,3,4,4,4,4,3,4,4,4,3,4,4,4,4,4,4,3.0,3.0,3.0,3.0,3.0,3.0,3.0,3.0,3.0,3.0,3.0,3.0
A,2,20,4,3,4,3,4,3,2,3,4,4,3,4,3.0,4.0,4.0,4.0,4.0,3.0,4.0,4.0,4.0,3.0,3.0,4.0,3,4,4,3,4,3,3,4,3,3,4,4,4,4,4,4,4,3,4,4,4,4,4,4,3.0,3.0,4.0,3.0,3.0,3.0,4.0,4.0,4.0,4.0,3.0,4.0
A,2,21,4,4,4,4,4,4,4,4,3,3,4,4,4.0,4.0,4.0,4.0,4.0,4.0,3.0,4.0,4.0,4.0,4.0,4.0,4,4,4,4,4,4,4,4,4,4,4,4,4,4,4,4,4,4,3,4,4,4,4,4,4.0,4.0,4.0,4.0,4.0,4.0,4.0,4.0,4.0,4.0,4.0,4.0
A,2,22,4,4,4,4,4,4,4,4,3,4,4,4,4.0,4.0,4.0,4.0,4.0,4.0,4.0,4.0,4.0,4.0,4.0,4.0,4,4,4,4,4,4,4,4,4,4,4,4,4,4,4,4,4,4,4,4,4,4,4,4,3.0,4.0,4.0,2.0,2.0,3.0,1.0,1.0,3.0,2.0,3.0,1.0
A,2,23,4,4,4,4,4,4,4,4,4,4,4,4,4.0,4.0,4.0,4.0,4.0,4.0,4.0,4.0,4.0,4.0,4.0,4.0,4,4,4,4,4,4,4,4,4,4,4,4,4,4,4,4,4,4,4,4,4,4,4,4,4.0,4.0,4.0,4.0,4.0,4.0,4.0,4.0,4.0,4.0,4.0,4.0
A,2,24,2,3,3,3,1,1,3,2,1,1,1,1,2.0,2.0,2.0,2.0,2.0,2.0,2.0,2.0,2.0,2.0,2.0,2.0,4,3,3,3,3,3,3,3,3,3,3,3,4,3,3,2,4,4,4,2,4,4,3,4,1.0,0.0,1.0,1.0,1.0,1.0,1.0,1.0,1.0,1.0,1.0,1.0
A,2,25,2,2,3,2,3,2,2,4,4,2,2,3,2.0,2.0,2.0,2.0,2.0,2.0,2.0,3.0,3.0,2.0,2.0,3.0,3,2,4,2,3,2,2,4,3,2,2,3,3,2,3,2,3,2,2,4,4,2,2,3,3.0,3.0,4.0,2.0,3.0,3.0,2.0,4.0,2.0,2.0,3.0,3.0
A,2,26,4,4,4,4,4,4,4,4,4,4,4,4,4.0,4.0,4.0,4.0,4.0,4.0,4.0,4.0,4.0,4.0,4.0,4.0,4,4,4,4,4,4,4,4,4,4,4,4,4,4,4,4,4,4,4,4,4,4,4,4,4.0,4.0,4.0,4.0,4.0,4.0,4.0,4.0,4.0,4.0,4.0,4.0
A,2,27,3,4,4,3,4,3,2,4,4,3,4,4,3.0,2.0,3.0,3.0,4.0,3.0,2.0,4.0,4.0,3.0,2.0,3.0,2,3,3,2,4,3,1,4,3,2,3,4,4,3,3,2,4,3,2,4,4,3,4,4,2.0,3.0,3.0,3.0,4.0,3.0,2.0,4.0,4.0,3.0,3.0,4.0
A,2,28,4,4,4,4,3,4,3,3,4,4,4,4,3.0,3.0,3.0,3.0,4.0,3.0,3.0,3.0,3.0,3.0,3.0,3.0,3,3,3,3,2,3,2,4,4,3,3,4,4,4,4,4,4,4,4,4,4,4,4,4,4.0,4.0,4.0,4.0,4.0,4.0,4.0,4.0,4.0,4.0,4.0,4.0
A,2,29,4,4,4,4,4,4,4,4,4,4,4,4,4.0,4.0,4.0,4.0,4.0,4.0,4.0,4.0,4.0,4.0,4.0,4.0,4,4,4,4,4,4,4,4,4,4,4,4,4,4,4,4,4,4,4,4,4,4,4,4,4.0,4.0,4.0,4.0,4.0,4.0,4.0,4.0,4.0,4.0,4.0,4.0
A,2,30,4,4,4,4,4,4,3,4,3,4,4,3,3.0,3.0,3.0,3.0,3.0,2.0,2.0,4.0,3.0,3.0,3.0,4.0,4,4,4,4,4,4,4,4,4,4,4,4,4,4,3,3,4,3,3,4,3,4,4,4,4.0,4.0,4.0,4.0,4.0,4.0,4.0,4.0,4.0,4.0,4.0,4.0
B,1,1,4,4,4,4,4,4,4,4,4,4,4,4,4.0,4.0,4.0,4.0,4.0,3.0,3.0,4.0,4.0,4.0,4.0,3.0,3,3,4,3,3,3,4,4,4,3,4,3,3,3,4,3,3,3,3,4,4,3,3,4,1.0,1.0,1.0,3.0,1.0,1.0,2.0,4.0,1.0,1.0,3.0,2.0
B,1,2,3,3,4,3,2,3,4,4,1,3,3,3,4.0,3.0,4.0,4.0,4.0,3.0,4.0,4.0,4.0,4.0,4.0,4.0,2,2,3,3,2,2,3,3,2,3,3,3,3,2,3,2,4,2,3,3,4,4,4,3,2.0,1.0,2.0,1.0,1.0,2.0,1.0,1.0,2.0,1.0,1.0,2.0
B,1,3,4,4,4,4,3,3,4,4,4,4,4,4,3.0,4.0,4.0,4.0,4.0,3.0,4.0,3.0,4.0,4.0,4.0,3.0,3,3,4,3,3,3,3,3,3,3,3,3,3,3,4,3,3,3,4,4,4,4,4,3,3.0,3.0,3.0,3.0,2.0,3.0,2.0,3.0,3.0,3.0,3.0,3.0
B,1,4,4,4,4,3,3,4,4,4,3,4,4,4,4.0,4.0,4.0,4.0,4.0,4.0,4.0,4.0,4.0,4.0,4.0,4.0,4,4,4,4,3,4,4,4,4,4,4,4,4,4,4,4,4,4,4,4,4,4,4,4,3.0,3.0,4.0,3.0,3.0,3.0,4.0,4.0,4.0,4.0,4.0,4.0
B,1,5,4,4,4,4,4,3,4,4,4,4,4,3,4.0,4.0,4.0,3.0,4.0,3.0,4.0,4.0,4.0,4.0,4.0,3.0,3,4,4,4,3,3,4,4,4,4,4,4,3,4,4,3,4,3,4,4,4,4,4,4,3.0,4.0,4.0,3.0,4.0,3.0,3.0,4.0,4.0,4.0,3.0,4.0
B,1,6,3,3,3,3,3,3,3,3,3,3,3,3,3.0,3.0,3.0,3.0,3.0,3.0,3.0,3.0,3.0,3.0,3.0,3.0,3,3,3,3,3,3,3,3,3,3,3,3,3,3,3,3,3,3,3,3,3,3,3,3,1.0,2.0,3.0,4.0,3.0,2.0,3.0,4.0,3.0,4.0,3.0,2.0
B,1,7,3,1,1,3,3,2,3,4,1,3,3,3,4.0,3.0,4.0,3.0,4.0,3.0,3.0,4.0,4.0,3.0,4.0,3.0,4,3,3,4,3,2,4,3,4,3,2,4,3,3,3,3,3,3,3,3,3,3,3,3,2.0,2.0,3.0,2.0,2.0,2.0,2.0,3.0,3.0,2.0,2.0,2.0
B,1,8,3,3,4,4,4,1,4,4,4,4,4,4,4.0,4.0,4.0,4.0,4.0,2.0,4.0,4.0,4.0,4.0,4.0,4.0,4,4,4,4,4,2,4,4,4,4,4,4,4,4,4,4,4,2,4,4,4,4,4,4,3.0,4.0,2.0,2.0,3.0,4.0,1.0,4.0,3.0,3.0,4.0,4.0
B,1,9,3,3,4,4,2,3,4,4,3,4,4,3,3.0,3.0,4.0,4.0,3.0,3.0,3.0,4.0,3.0,3.0,4.0,3.0,2,3,4,4,2,3,4,4,3,4,4,4,3,3,4,3,3,3,4,4,3,4,4,3,3.0,3.0,3.0,3.0,3.0,3.0,3.0,3.0,3.0,3.0,3.0,3.0
B,1,10,4,4,3,3,3,3,4,3,3,3,4,4,4.0,4.0,4.0,4.0,4.0,4.0,4.0,4.0,4.0,4.0,4.0,4.0,2,3,3,3,2,3,3,2,3,3,3,3,2,3,3,3,3,3,3,3,4,4,3,4,4.0,4.0,4.0,4.0,4.0,4.0,4.0,4.0,4.0,4.0,4.0,4.0
B,1,11,4,4,4,4,4,4,4,4,4,4,4,4,4.0,4.0,4.0,4.0,4.0,4.0,4.0,4.0,4.0,4.0,4.0,4.0,4,4,4,4,4,4,4,4,4,4,4,4,4,4,4,4,4,4,4,4,4,4,4,4,3.0,3.0,3.0,3.0,3.0,3.0,3.0,3.0,3.0,3.0,3.0,3.0
B,1,12,3,3,3,3,3,3,3,3,3,3,3,3,4.0,4.0,4.0,3.0,4.0,4.0,4.0,4.0,4.0,4.0,4.0,4.0,4,4,4,3,4,3,4,4,4,4,4,4,4,4,4,3,4,4,4,4,4,4,4,4,3.0,2.0,3.0,3.0,3.0,2.0,2.0,3.0,4.0,2.0,3.0,3.0
B,1,13,4,3,4,4,4,3,4,4,4,4,4,4,4.0,3.0,4.0,4.0,4.0,3.0,4.0,4.0,4.0,4.0,4.0,4.0,4,3,4,4,4,3,4,4,4,4,4,4,4,3,4,4,4,3,4,4,4,4,4,4,3.0,2.0,3.0,2.0,2.0,2.0,3.0,3.0,4.0,2.0,3.0,3.0
B,1,14,4,4,4,4,4,4,3,4,3,3,3,4,1.0,1.0,1.0,1.0,1.0,1.0,1.0,1.0,1.0,1.0,1.0,1.0,2,2,2,2,2,2,2,2,2,2,2,2,2,2,2,2,2,2,2,2,2,2,2,2,3.0,3.0,4.0,4.0,3.0,3.0,4.0,4.0,4.0,3.0,3.0,3.0
B,1,15,4,4,4,4,4,4,4,4,4,4,4,4,4.0,4.0,4.0,3.0,4.0,4.0,4.0,4.0,3.0,3.0,4.0,4.0,1,4,4,2,1,3,4,2,1,3,3,2,2,4,4,2,1,2,4,3,1,2,2,3,3.0,3.0,3.0,3.0,3.0,3.0,3.0,3.0,3.0,3.0,3.0,3.0
B,1,16,4,4,4,4,4,4,4,4,4,4,4,4,4.0,4.0,4.0,4.0,4.0,4.0,4.0,4.0,4.0,4.0,4.0,4.0,3,4,3,3,3,4,4,4,3,4,4,4,4,4,4,4,4,4,4,4,4,4,4,4,3.0,3.0,3.0,3.0,3.0,3.0,3.0,3.0,3.0,3.0,4.0,4.0
B,1,17,3,3,3,3,3,3,3,3,3,3,3,3,4.0,3.0,3.0,3.0,3.0,3.0,3.0,3.0,3.0,3.0,3.0,3.0,3,3,3,3,3,3,3,3,3,3,3,3,3,3,3,3,3,3,3,3,3,3,3,3,3.0,3.0,4.0,4.0,3.0,3.0,3.0,4.0,4.0,4.0,4.0,4.0
B,1,18,1,1,1,1,1,1,1,1,1,1,1,1,4.0,4.0,4.0,4.0,4.0,4.0,4.0,4.0,4.0,4.0,4.0,4.0,4,4,4,4,4,4,4,4,4,4,4,4,4,3,4,4,4,4,4,4,4,4,4,4,4.0,4.0,4.0,4.0,4.0,4.0,4.0,4.0,4.0,4.0,4.0,4.0
B,1,19,3,3,3,3,3,3,3,4,2,2,3,3,3.0,3.0,3.0,2.0,2.0,3.0,3.0,4.0,3.0,3.0,3.0,2.0,3,3,3,3,3,3,3,4,1,2,3,3,1,3,3,2,3,3,2,4,3,3,3,1,4.0,4.0,4.0,4.0,4.0,4.0,4.0,4.0,4.0,4.0,4.0,4.0
B,1,20,4,3,4,4,4,2,3,4,4,2,3,3,4.0,3.0,4.0,4.0,4.0,3.0,3.0,4.0,4.0,3.0,4.0,3.0,2,2,4,3,4,2,3,3,2,3,3,2,4,2,4,3,3,2,3,3,4,3,2,2,3.0,3.0,4.0,3.0,4.0,2.0,3.0,4.0,3.0,2.0,2.0,2.0
B,1,21,4,3,4,4,4,2,4,4,4,4,4,3,4.0,3.0,4.0,4.0,4.0,3.0,4.0,4.0,4.0,3.0,4.0,3.0,4,3,4,4,4,3,4,4,4,3,4,4,3,3,4,3,4,4,4,4,4,3,4,4,3.0,2.0,2.0,2.0,3.0,2.0,2.0,3.0,3.0,2.0,2.0,2.0
B,1,22,4,4,4,4,4,4,4,4,2,4,4,4,4.0,4.0,4.0,4.0,4.0,4.0,4.0,4.0,4.0,4.0,4.0,4.0,3,4,4,2,4,4,4,4,4,4,4,4,4,4,4,4,4,4,4,4,4,4,4,4,3.0,4.0,4.0,4.0,4.0,3.0,4.0,4.0,3.0,4.0,4.0,4.0
B,1,23,3,2,3,3,3,2,3,3,4,3,3,2,3.0,3.0,3.0,3.0,2.0,2.0,3.0,3.0,2.0,2.0,3.0,3.0,3,2,3,3,3,2,3,3,3,3,2,2,3,2,3,2,3,2,3,3,3,3,2,2,2.0,2.0,3.0,3.0,2.0,2.0,3.0,3.0,3.0,3.0,3.0,3.0
B,1,24,3,3,3,3,3,3,3,3,3,3,3,3,3.0,2.0,3.0,3.0,3.0,2.0,2.0,3.0,3.0,3.0,3.0,3.0,2,2,2,2,2,2,2,2,3,3,2,3,2,2,2,1,2,2,2,2,2,2,2,2,3.0,4.0,3.0,4.0,4.0,4.0,4.0,4.0,4.0,4.0,4.0,4.0
B,1,25,3,3,3,2,2,3,1,3,1,4,3,3,4.0,3.0,4.0,4.0,4.0,3.0,4.0,4.0,4.0,3.0,4.0,3.0,3,3,3,3,4,3,2,3,4,4,3,3,3,3,3,3,4,3,3,4,4,4,4,4,4.0,3.0,4.0,4.0,4.0,3.0,4.0,4.0,2.0,2.0,3.0,2.0
B,1,26,4,4,4,4,4,4,4,4,3,4,4,4,4.0,3.0,3.0,3.0,3.0,3.0,3.0,3.0,3.0,3.0,3.0,3.0,3,3,3,2,3,3,2,3,3,3,3,3,3,3,3,4,3,3,2,3,3,3,3,3,3.0,3.0,3.0,3.0,3.0,2.0,3.0,3.0,3.0,2.0,3.0,4.0
B,1,27,3,3,4,3,3,4,3,3,2,3,4,3,3.0,2.0,3.0,3.0,3.0,3.0,3.0,4.0,3.0,3.0,4.0,2.0,3,3,3,3,2,3,3,3,2,3,3,3,3,3,2,2,3,2,3,3,4,3,3,3,3.0,3.0,3.0,3.0,3.0,4.0,3.0,4.0,3.0,3.0,4.0,4.0
B,1,28,3,3,3,3,3,3,3,3,3,3,3,3,3.0,3.0,3.0,3.0,3.0,3.0,3.0,3.0,3.0,3.0,3.0,3.0,3,3,3,3,3,3,3,3,3,3,3,3,3,3,3,3,3,3,3,3,3,3,3,3,4.0,4.0,4.0,4.0,4.0,4.0,4.0,4.0,4.0,4.0,4.0,4.0
B,1,29,4,2,3,3,3,2,3,3,3,3,3,3,3.0,2.0,4.0,4.0,4.0,2.0,3.0,3.0,3.0,3.0,3.0,3.0,2,2,3,2,3,2,2,4,3,3,3,3,3,2,3,2,3,2,3,3,3,3,3,3,3.0,3.0,3.0,3.0,3.0,3.0,4.0,4.0,4.0,4.0,4.0,4.0
B,1,30,3,4,4,4,4,4,3,4,4,4,4,4,4.0,4.0,4.0,4.0,4.0,4.0,2.0,4.0,4.0,4.0,4.0,4.0,4,4,4,4,4,4,2,4,4,4,4,4,4,4,4,4,4,4,2,4,4,4,4,4,4.0,4.0,4.0,4.0,4.0,3.0,4.0,4.0,4.0,4.0,4.0,4.0
B,2,1,4,3,2,3,2,3,2,3,4,3,2,1,4.0,4.0,4.0,4.0,4.0,4.0,4.0,4.0,4.0,4.0,4.0,4.0,4,4,4,4,4,4,3,3,4,3,3,4,4,4,4,4,4,4,4,4,4,4,4,4,3.0,3.0,3.0,2.0,3.0,3.0,4.0,4.0,4.0,4.0,4.0,4.0
B,2,2,4,4,4,4,4,4,4,4,3,4,4,4,4.0,4.0,4.0,4.0,4.0,4.0,4.0,4.0,3.0,4.0,4.0,4.0,3,4,3,3,3,3,3,3,3,3,3,3,4,4,4,4,4,4,4,4,4,4,4,4,4.0,4.0,4.0,4.0,4.0,4.0,4.0,4.0,3.0,4.0,4.0,4.0
B,2,3,4,4,4,4,4,4,2,4,4,4,4,4,4.0,4.0,4.0,4.0,4.0,4.0,2.0,4.0,4.0,4.0,4.0,4.0,4,4,4,4,4,4,2,4,4,4,4,4,4,4,4,4,4,4,2,4,4,4,4,4,4.0,4.0,4.0,4.0,4.0,4.0,2.0,4.0,4.0,4.0,4.0,4.0
B,2,4,3,3,4,3,4,3,3,4,3,3,4,3,4.0,4.0,4.0,3.0,4.0,4.0,3.0,4.0,3.0,3.0,4.0,2.0,4,4,4,3,4,4,2,4,4,4,4,3,4,3,4,4,4,4,3,4,4,3,4,3,4.0,3.0,4.0,4.0,4.0,3.0,4.0,4.0,3.0,3.0,4.0,3.0
B,2,5,4,4,4,4,4,4,4,4,4,4,4,4,4.0,4.0,4.0,4.0,4.0,4.0,4.0,4.0,4.0,4.0,4.0,4.0,4,4,4,4,4,4,4,4,4,4,4,4,4,4,4,4,4,4,4,4,4,4,4,4,4.0,4.0,4.0,3.0,4.0,4.0,4.0,4.0,4.0,4.0,4.0,4.0
B,2,6,3,3,3,3,3,4,2,4,3,3,4,3,3.0,2.0,4.0,2.0,2.0,3.0,2.0,3.0,2.0,3.0,4.0,3.0,3,3,4,3,4,3,2,4,3,4,4,3,4,3,3,3,2,3,3,4,4,4,4,3,4.0,3.0,4.0,4.0,3.0,3.0,4.0,4.0,4.0,4.0,4.0,4.0
B,2,7,4,4,4,4,4,4,3,4,1,3,3,2,4.0,4.0,4.0,4.0,4.0,4.0,4.0,4.0,4.0,4.0,4.0,4.0,4,2,3,1,4,4,3,4,4,2,1,3,4,3,4,2,4,3,2,4,4,3,3,3,4.0,4.0,4.0,4.0,3.0,3.0,4.0,4.0,4.0,4.0,4.0,4.0
B,2,8,3,3,3,3,3,3,3,4,3,4,3,3,3.0,3.0,3.0,3.0,3.0,3.0,3.0,3.0,3.0,4.0,3.0,3.0,3,3,3,3,3,3,3,4,3,3,4,4,4,3,3,4,3,3,3,4,3,3,3,4,3.0,3.0,0.0,0.0,3.0,3.0,3.0,4.0,3.0,3.0,3.0,3.0
B,2,9,4,3,4,3,4,4,3,4,3,4,3,4,4.0,4.0,4.0,3.0,4.0,4.0,4.0,4.0,4.0,4.0,4.0,3.0,4,3,3,3,4,4,3,4,4,4,4,3,4,2,3,4,4,3,2,4,4,3,2,4,4.0,4.0,4.0,4.0,4.0,3.0,4.0,4.0,4.0,4.0,4.0,3.0
B,2,10,4,4,4,4,4,4,4,4,4,4,4,4,4.0,3.0,4.0,4.0,4.0,4.0,4.0,4.0,4.0,4.0,4.0,4.0,3,3,4,3,3,3,3,4,3,4,4,4,4,3,4,3,4,3,4,4,4,4,4,4,4.0,4.0,4.0,4.0,4.0,3.0,4.0,4.0,4.0,4.0,4.0,4.0
B,2,11,3,3,3,3,2,2,3,3,3,3,3,4,4.0,3.0,4.0,4.0,4.0,3.0,4.0,3.0,4.0,3.0,4.0,3.0,3,2,3,3,1,2,3,3,3,3,3,2,2,3,3,2,2,3,4,3,3,2,3,2,3.0,3.0,3.0,3.0,2.0,3.0,4.0,3.0,3.0,3.0,3.0,2.0
B,2,12,4,4,4,3,4,4,4,3,3,4,4,4,4.0,4.0,4.0,4.0,4.0,4.0,4.0,4.0,4.0,4.0,4.0,4.0,4,4,4,4,4,3,4,3,4,4,4,3,4,4,4,4,4,4,4,4,4,4,3,4,4.0,4.0,4.0,4.0,4.0,4.0,4.0,4.0,4.0,4.0,4.0,4.0
B,2,13,3,2,4,3,4,3,4,4,4,4,3,3,4.0,3.0,4.0,4.0,4.0,4.0,4.0,4.0,4.0,4.0,4.0,4.0,4,4,4,4,4,4,3,4,4,3,4,4,4,2,4,4,4,4,4,4,4,4,4,4,4.0,4.0,4.0,4.0,4.0,4.0,4.0,4.0,4.0,4.0,4.0,4.0
B,2,14,3,3,4,4,4,3,3,4,4,4,3,4,4.0,3.0,4.0,4.0,4.0,3.0,3.0,4.0,4.0,4.0,3.0,3.0,3,2,1,3,3,3,2,3,3,3,2,3,4,3,4,4,3,3,3,4,4,4,3,4,4.0,4.0,4.0,4.0,3.0,3.0,4.0,4.0,4.0,4.0,3.0,4.0
B,2,15,2,3,3,2,3,3,3,3,4,4,3,4,4.0,3.0,2.0,0.0,3.0,3.0,3.0,4.0,3.0,3.0,3.0,3.0,3,3,4,2,2,3,4,3,2,3,3,3,3,3,3,2,3,3,3,2,3,3,3,2,4.0,3.0,4.0,3.0,4.0,3.0,4.0,3.0,4.0,3.0,4.0,3.0
B,2,16,3,3,4,3,3,3,2,3,4,4,4,3,3.0,3.0,4.0,3.0,3.0,3.0,2.0,3.0,3.0,4.0,4.0,3.0,3,3,4,3,3,3,2,3,3,4,4,3,4,3,4,3,3,3,2,3,4,4,4,3,3.0,3.0,4.0,3.0,3.0,3.0,2.0,3.0,3.0,4.0,4.0,3.0
B,2,17,4,3,3,3,3,2,3,3,3,4,3,3,3.0,3.0,3.0,3.0,3.0,3.0,3.0,3.0,3.0,3.0,2.0,3.0,3,3,3,2,2,2,2,1,2,1,1,1,4,3,3,3,3,3,3,4,4,4,3,4,4.0,3.0,4.0,4.0,4.0,3.0,4.0,4.0,4.0,4.0,4.0,4.0
B,2,18,4,4,4,4,4,4,4,4,3,3,3,4,4.0,3.0,4.0,3.0,4.0,3.0,3.0,3.0,3.0,4.0,3.0,4.0,4,4,4,3,4,4,4,4,4,4,4,4,4,3,4,3,4,4,4,4,4,4,4,4,4.0,4.0,4.0,4.0,4.0,4.0,4.0,4.0,4.0,4.0,4.0,4.0
B,2,19,2,3,2,2,2,2,3,2,1,2,3,2,3.0,2.0,3.0,2.0,2.0,3.0,2.0,2.0,2.0,3.0,1.0,2.0,3,3,4,3,2,3,4,3,3,2,2,4,3,3,4,3,3,3,3,4,4,3,2,4,3.0,2.0,4.0,3.0,3.0,4.0,3.0,4.0,3.0,3.0,2.0,4.0
B,2,20,1,2,1,2,1,2,2,1,2,2,1,1,4.0,3.0,4.0,4.0,4.0,3.0,3.0,4.0,4.0,3.0,4.0,4.0,4,3,4,3,4,3,3,4,4,4,4,4,4,3,4,4,4,3,3,4,4,4,4,4,4.0,3.0,4.0,3.0,4.0,3.0,3.0,4.0,4.0,4.0,4.0,4.0
B,2,21,3,2,4,2,2,1,2,4,2,2,3,2,4.0,3.0,4.0,3.0,4.0,4.0,2.0,4.0,4.0,3.0,4.0,4.0,3,4,4,3,3,2,2,4,4,3,2,4,3,2,4,2,4,2,2,4,4,3,3,4,4.0,2.0,3.0,4.0,3.0,2.0,3.0,4.0,4.0,4.0,3.0,4.0
B,2,22,3,4,3,4,3,4,3,4,4,4,4,4,4.0,4.0,4.0,4.0,4.0,4.0,4.0,4.0,4.0,4.0,4.0,4.0,4,4,4,4,4,4,4,4,4,4,4,4,4,4,4,4,4,4,4,4,4,4,4,4,4.0,4.0,4.0,4.0,4.0,4.0,4.0,4.0,3.0,4.0,4.0,4.0
B,2,23,4,4,4,4,4,4,4,4,4,4,4,3,4.0,4.0,4.0,4.0,4.0,4.0,4.0,4.0,4.0,4.0,4.0,3.0,3,4,4,3,3,4,4,4,3,4,4,4,4,4,4,4,4,4,4,4,4,4,4,4,4.0,4.0,4.0,4.0,4.0,4.0,4.0,4.0,4.0,4.0,4.0,4.0
B,2,24,4,4,4,4,4,4,2,4,4,3,4,4,4.0,4.0,4.0,4.0,4.0,4.0,4.0,4.0,4.0,4.0,4.0,3.0,4,4,4,4,4,4,3,4,4,4,4,4,4,4,4,4,4,4,2,4,4,4,4,4,4.0,4.0,4.0,4.0,4.0,4.0,2.0,4.0,3.0,4.0,4.0,4.0
B,2,25,4,4,4,4,4,4,3,4,3,4,4,3,3.0,4.0,3.0,4.0,4.0,4.0,4.0,4.0,1.0,3.0,4.0,4.0,4,4,4,3,4,4,4,4,4,3,3,4,4,3,4,3,4,4,4,4,4,4,4,4,4.0,4.0,4.0,4.0,4.0,4.0,4.0,4.0,4.0,4.0,4.0,4.0
B,2,26,3,4,4,3,4,4,4,4,3,4,4,4,4.0,4.0,4.0,4.0,4.0,4.0,4.0,4.0,4.0,4.0,4.0,4.0,3,3,4,3,3,3,3,3,3,3,4,4,3,3,4,3,3,3,3,4,4,4,4,4,4.0,4.0,4.0,4.0,4.0,4.0,4.0,4.0,4.0,4.0,4.0,4.0
B,2,27,3,3,4,4,4,2,2,4,4,3,4,4,4.0,4.0,4.0,4.0,4.0,4.0,2.0,4.0,4.0,4.0,4.0,4.0,4,4,4,4,4,4,2,4,4,4,4,3,4,4,4,4,4,4,2,4,4,4,4,4,4.0,4.0,4.0,4.0,4.0,4.0,4.0,4.0,4.0,4.0,4.0,4.0
B,2,28,3,3,3,3,3,3,3,3,4,2,2,2,4.0,4.0,4.0,4.0,4.0,4.0,4.0,4.0,4.0,4.0,4.0,4.0,4,4,4,4,4,4,4,4,4,4,4,4,4,4,4,4,4,4,4,4,4,4,4,4,4.0,4.0,4.0,4.0,4.0,4.0,4.0,4.0,4.0,4.0,4.0,4.0
B,2,29,4,4,4,4,4,3,2,4,4,4,4,4,4.0,4.0,4.0,4.0,4.0,4.0,4.0,4.0,4.0,4.0,4.0,4.0,4,4,4,4,4,3,2,4,4,4,4,4,4,4,4,4,4,4,2,4,4,4,4,4,4.0,4.0,4.0,4.0,4.0,4.0,2.0,4.0,4.0,4.0,4.0,4.0
B,2,30,2,2,3,3,2,1,2,3,2,3,3,3,1.0,1.0,3.0,2.0,1.0,1.0,2.0,2.0,1.0,1.0,2.0,1.0,2,2,3,2,3,1,2,3,2,3,3,3,3,2,3,4,4,1,2,4,4,3,4,3,3.0,2.0,3.0,3.0,3.0,2.0,2.0,3.0,2.0,2.0,3.0,2.0
C,1,1,3,2,3,4,2,2,3,3,4,4,2,3,3.0,2.0,3.0,3.0,3.0,2.0,2.0,3.0,2.0,2.0,2.0,2.0,3,2,3,2,2,3,2,3,2,2,2,3,4,4,4,4,4,4,4,4,4,4,4,4,3.0,2.0,3.0,3.0,3.0,2.0,1.0,3.0,2.0,2.0,2.0,3.0
C,1,2,1,2,3,2,1,1,2,2,2,3,2,1,2.0,3.0,3.0,2.0,1.0,2.0,2.0,2.0,2.0,2.0,2.0,2.0,3,3,4,3,2,2,3,2,2,3,3,3,4,3,3,3,4,3,3,4,4,2,3,3,3.0,3.0,4.0,3.0,3.0,2.0,3.0,3.0,4.0,3.0,3.0,4.0
C,1,3,3,3,3,3,3,3,3,3,3,3,3,3,4.0,3.0,3.0,4.0,3.0,3.0,3.0,3.0,4.0,4.0,3.0,3.0,4,3,4,4,4,3,4,3,3,4,4,4,4,1,2,3,4,1,1,2,4,3,2,2,4.0,4.0,3.0,4.0,3.0,3.0,3.0,4.0,3.0,4.0,4.0,4.0
C,1,4,3,3,3,3,4,2,3,4,4,3,4,3,3.0,3.0,3.0,2.0,2.0,2.0,2.0,3.0,2.0,3.0,3.0,2.0,4,4,4,4,4,3,3,4,4,4,4,4,3,4,3,3,4,3,3,3,4,3,4,3,4.0,4.0,4.0,4.0,4.0,2.0,4.0,4.0,4.0,4.0,4.0,4.0
C,1,5,3,3,3,2,3,2,3,3,2,3,3,3,3.0,3.0,3.0,2.0,3.0,2.0,3.0,3.0,2.0,3.0,3.0,2.0,2,3,3,2,3,3,3,3,2,2,3,3,4,4,4,3,4,4,4,4,4,4,4,4,3.0,3.0,3.0,3.0,3.0,2.0,3.0,3.0,2.0,2.0,3.0,2.0
C,1,6,1,1,1,3,1,1,2,1,1,1,1,2,3.0,3.0,3.0,3.0,4.0,3.0,4.0,4.0,4.0,4.0,4.0,4.0,4,4,4,4,4,4,3,4,4,4,4,4,4,2,4,3,3,2,2,2,4,4,3,3,4.0,4.0,4.0,3.0,3.0,3.0,4.0,4.0,4.0,4.0,4.0,4.0
C,1,7,4,4,4,3,4,2,4,4,4,4,3,4,3.0,2.0,3.0,3.0,3.0,3.0,3.0,3.0,3.0,3.0,3.0,3.0,3,2,3,2,3,2,4,4,4,3,4,4,4,4,4,3,4,3,4,4,4,4,4,4,4.0,4.0,4.0,4.0,4.0,4.0,4.0,4.0,4.0,4.0,4.0,4.0
C,1,8,3,4,4,3,4,3,3,4,4,4,3,4,2.0,2.0,3.0,3.0,2.0,2.0,3.0,3.0,2.0,2.0,2.0,2.0,2,2,3,2,3,2,2,3,2,2,2,3,4,3,2,3,2,3,3,2,3,2,3,2,1.0,2.0,3.0,3.0,1.0,3.0,2.0,3.0,2.0,2.0,2.0,2.0
C,1,9,3,2,4,3,4,4,3,4,4,3,2,3,3.0,3.0,4.0,4.0,3.0,3.0,3.0,4.0,3.0,3.0,3.0,4.0,4,3,4,4,4,3,4,4,4,4,4,4,3,3,3,3,3,3,3,3,3,3,3,3,3.0,3.0,4.0,3.0,3.0,3.0,3.0,4.0,2.0,3.0,1.0,2.0
C,1,10,4,4,4,3,4,4,4,4,2,4,4,4,4.0,3.0,4.0,2.0,2.0,3.0,4.0,2.0,3.0,2.0,4.0,4.0,4,4,4,4,4,4,4,4,4,4,4,4,4,4,3,4,4,1,4,4,4,4,4,4,3.0,3.0,4.0,3.0,3.0,3.0,3.0,4.0,2.0,2.0,4.0,4.0
C,1,11,2,4,4,4,3,2,4,3,4,3,2,4,3.0,3.0,4.0,4.0,4.0,4.0,4.0,4.0,3.0,4.0,3.0,2.0,1,2,4,3,1,2,3,1,1,2,2,2,3,2,4,4,2,1,4,4,4,4,3,4,4.0,3.0,4.0,4.0,4.0,3.0,4.0,4.0,4.0,4.0,4.0,4.0
C,1,12,3,3,4,3,3,2,4,3,1,3,3,2,4.0,4.0,4.0,4.0,4.0,4.0,4.0,4.0,4.0,4.0,4.0,4.0,4,4,4,4,3,3,4,4,4,4,4,4,3,3,3,3,3,2,3,3,4,3,3,3,3.0,3.0,4.0,4.0,2.0,4.0,4.0,4.0,3.0,4.0,3.0,2.0
C,1,13,3,4,4,4,3,4,4,3,3,4,4,4,3.0,3.0,4.0,4.0,3.0,3.0,4.0,4.0,4.0,4.0,4.0,4.0,3,4,4,4,3,4,4,4,3,4,4,4,4,4,4,4,4,4,4,4,4,4,4,4,3.0,3.0,4.0,3.0,3.0,3.0,4.0,4.0,4.0,3.0,4.0,4.0
C,1,14,3,3,2,3,3,3,2,2,2,2,2,2,4.0,4.0,4.0,4.0,4.0,4.0,4.0,4.0,4.0,4.0,4.0,4.0,4,4,4,4,4,4,4,4,4,4,4,4,3,3,3,2,4,3,3,4,2,3,4,3,2.0,2.0,2.0,2.0,2.0,2.0,2.0,2.0,2.0,2.0,2.0,2.0
C,1,15,4,4,4,4,4,4,4,4,4,4,4,4,4.0,4.0,4.0,4.0,4.0,4.0,4.0,4.0,4.0,4.0,4.0,4.0,4,4,4,4,4,4,4,4,4,4,4,4,3,3,3,3,3,3,3,3,3,3,3,3,4.0,4.0,4.0,4.0,4.0,4.0,4.0,4.0,4.0,4.0,4.0,4.0
C,1,16,2,2,2,3,3,4,3,3,3,4,2,3,3.0,3.0,4.0,3.0,4.0,3.0,4.0,4.0,3.0,3.0,4.0,4.0,2,3,3,3,3,3,4,3,2,3,3,3,3,3,2,3,3,3,3,4,3,3,4,1,3.0,3.0,4.0,3.0,3.0,3.0,4.0,4.0,3.0,3.0,3.0,3.0
C,1,17,2,2,2,2,2,2,2,2,2,2,2,2,1.0,1.0,4.0,1.0,1.0,1.0,1.0,2.0,1.0,1.0,1.0,2.0,1,2,3,1,1,1,2,2,1,3,2,2,4,4,4,4,4,3,3,4,4,2,4,3,2.0,2.0,4.0,3.0,3.0,2.0,3.0,3.0,4.0,4.0,3.0,4.0
C,1,18,1,1,3,1,1,1,1,3,1,1,2,1,1.0,2.0,1.0,1.0,1.0,1.0,1.0,2.0,4.0,2.0,1.0,1.0,1,1,3,1,1,1,1,3,1,1,2,1,4,2,4,3,3,3,3,3,3,3,3,3,3.0,3.0,4.0,4.0,3.0,2.0,3.0,4.0,4.0,4.0,4.0,4.0
C,1,19,2,3,2,2,3,2,3,2,2,2,1,2,1.0,1.0,2.0,1.0,2.0,2.0,2.0,2.0,1.0,1.0,1.0,2.0,1,2,3,2,1,2,3,2,1,2,1,1,4,4,3,3,3,3,3,3,4,4,4,3,1.0,2.0,2.0,1.0,2.0,2.0,2.0,1.0,2.0,2.0,2.0,2.0
C,1,20,3,3,3,2,2,2,3,3,2,3,2,3,,,,,,,,,,,,,4,4,4,4,4,4,4,4,4,4,4,4,4,4,4,4,4,4,4,4,4,4,4,4,4.0,3.0,2.0,0.0,0.0,0.0,0.0,0.0,0.0,0.0,0.0,0.0
C,1,21,1,3,3,3,3,3,3,3,3,3,3,3,4.0,3.0,3.0,3.0,3.0,3.0,3.0,3.0,3.0,3.0,3.0,3.0,4,3,3,4,4,3,3,4,4,4,4,4,4,4,4,4,4,3,4,4,4,4,4,4,3.0,3.0,3.0,3.0,3.0,3.0,3.0,3.0,3.0,3.0,3.0,3.0
C,1,22,1,1,1,1,1,1,1,1,1,1,1,1,2.0,2.0,3.0,3.0,4.0,1.0,4.0,3.0,4.0,2.0,3.0,1.0,2,3,4,3,1,1,4,4,2,3,4,2,4,2,3,3,3,2,1,2,4,3,2,3,2.0,2.0,3.0,3.0,4.0,1.0,3.0,4.0,4.0,2.0,3.0,3.0
C,1,23,2,3,3,3,3,3,4,4,4,4,4,4,2.0,3.0,3.0,3.0,2.0,3.0,3.0,3.0,2.0,3.0,3.0,3.0,1,1,1,2,1,1,1,1,1,1,1,1,4,3,3,2,4,3,3,4,4,3,4,4,2.0,3.0,3.0,3.0,2.0,2.0,3.0,3.0,3.0,2.0,3.0,3.0
C,1,24,4,3,4,4,4,3,4,4,3,3,4,4,3.0,3.0,3.0,3.0,3.0,3.0,4.0,4.0,4.0,4.0,4.0,4.0,3,4,4,2,2,3,4,4,3,3,4,4,3,2,3,4,4,2,3,3,4,3,3,4,4.0,4.0,4.0,4.0,3.0,3.0,4.0,4.0,4.0,3.0,4.0,4.0
C,1,25,2,2,3,3,2,2,3,4,4,3,2,3,1.0,2.0,3.0,2.0,1.0,3.0,2.0,3.0,1.0,2.0,3.0,1.0,4,3,3,4,3,2,3,4,4,3,3,2,4,4,4,4,4,4,4,4,4,4,4,4,2.0,2.0,2.0,2.0,2.0,2.0,3.0,3.0,1.0,2.0,2.0,1.0
C,1,26,4,3,3,2,3,2,2,4,2,2,3,3,3.0,2.0,3.0,2.0,3.0,2.0,3.0,3.0,2.0,2.0,3.0,2.0,2,3,2,2,2,3,3,3,2,2,2,3,3,2,3,2,3,2,2,4,3,2,2,2,4.0,2.0,3.0,3.0,2.0,2.0,3.0,3.0,2.0,3.0,2.0,3.0
C,1,27,1,3,4,2,1,1,1,4,1,3,1,3,3.0,2.0,3.0,3.0,3.0,1.0,1.0,4.0,3.0,3.0,3.0,1.0,3,3,3,3,3,4,3,4,3,3,4,3,4,4,4,4,4,4,4,4,4,4,4,4,1.0,2.0,3.0,1.0,1.0,1.0,1.0,1.0,1.0,1.0,1.0,2.0
C,1,28,1,2,3,2,1,1,3,3,2,3,3,3,1.0,0.0,4.0,4.0,4.0,4.0,4.0,4.0,4.0,4.0,4.0,4.0,2,3,4,2,2,4,4,4,4,4,4,4,3,3,3,3,4,3,2,3,4,4,4,4,3.0,3.0,3.0,3.0,3.0,3.0,3.0,3.0,3.0,3.0,3.0,3.0
C,1,29,1,2,1,1,1,2,3,3,3,3,3,3,2.0,2.0,2.0,2.0,2.0,3.0,3.0,3.0,3.0,3.0,3.0,3.0,2,2,2,3,2,2,2,3,3,3,0,3,4,4,4,4,4,4,4,4,4,4,4,4,2.0,2.0,2.0,2.0,3.0,0.0,3.0,3.0,3.0,3.0,3.0,3.0
C,1,30,3,3,0,4,2,1,3,4,4,3,4,4,3.0,3.0,4.0,3.0,3.0,2.0,3.0,3.0,3.0,3.0,4.0,2.0,2,3,3,3,4,3,3,4,3,3,4,4,4,4,4,3,4,3,4,4,4,4,4,3,1.0,2.0,3.0,1.0,1.0,1.0,3.0,4.0,4.0,1.0,3.0,3.0
C,2,1,1,1,2,2,1,1,2,2,3,2,1,1,1.0,1.0,1.0,2.0,2.0,1.0,1.0,3.0,2.0,1.0,1.0,1.0,2,1,2,1,1,1,2,2,1,2,2,2,4,4,4,4,3,4,3,4,3,2,3,4,1.0,1.0,2.0,1.0,1.0,1.0,1.0,2.0,1.0,1.0,1.0,1.0
C,2,2,2,2,2,2,2,2,2,2,2,2,2,2,,,,,,,,,,,,,3,3,3,3,3,3,3,3,3,3,3,3,4,4,4,4,4,4,4,4,4,4,4,4,,,,,,,,,,,,
C,2,3,2,1,2,2,2,2,1,3,1,1,0,0,1.0,1.0,1.0,2.0,1.0,1.0,1.0,2.0,2.0,1.0,1.0,0.0,4,4,4,4,4,4,4,2,4,4,4,4,2,2,2,2,2,2,2,2,2,2,2,2,2.0,2.0,2.0,2.0,2.0,2.0,2.0,3.0,3.0,2.0,2.0,2.0
C,2,4,3,2,3,4,4,2,2,3,3,1,2,2,4.0,4.0,4.0,4.0,4.0,4.0,4.0,4.0,4.0,4.0,4.0,4.0,4,3,2,1,4,3,2,1,4,3,2,1,2,1,2,1,3,1,1,2,3,2,1,1,4.0,4.0,4.0,4.0,4.0,4.0,4.0,4.0,4.0,4.0,4.0,4.0
C,2,5,2,2,2,3,2,2,3,2,2,2,2,2,3.0,3.0,3.0,3.0,3.0,3.0,3.0,3.0,3.0,3.0,3.0,3.0,3,3,3,3,3,2,3,2,3,2,2,2,3,3,3,3,3,3,3,3,3,3,3,3,4.0,4.0,4.0,4.0,4.0,3.0,3.0,4.0,4.0,3.0,3.0,3.0
C,2,6,3,2,4,4,4,2,3,4,2,4,4,3,4.0,2.0,4.0,4.0,4.0,2.0,3.0,4.0,4.0,3.0,4.0,4.0,4,2,4,4,4,2,4,4,4,4,4,4,3,2,3,2,4,2,1,3,4,3,3,4,4.0,2.0,4.0,4.0,3.0,2.0,3.0,4.0,4.0,4.0,4.0,4.0
C,2,7,3,3,3,3,3,3,3,4,3,3,3,3,3.0,3.0,3.0,3.0,3.0,3.0,2.0,4.0,3.0,3.0,3.0,3.0,3,3,2,2,0,3,3,4,3,3,3,3,2,1,3,3,3,1,3,3,3,3,3,2,3.0,3.0,3.0,3.0,3.0,2.0,2.0,4.0,3.0,3.0,3.0,3.0
C,2,8,4,3,4,3,4,2,3,4,4,3,4,3,4.0,3.0,4.0,4.0,4.0,2.0,3.0,4.0,4.0,4.0,4.0,3.0,4,3,3,3,4,2,3,4,4,4,4,4,4,4,4,3,2,4,4,2,3,3,4,3,2.0,2.0,3.0,3.0,3.0,2.0,3.0,4.0,2.0,2.0,4.0,2.0
C,2,9,1,1,1,1,1,1,1,1,1,1,1,1,,,,,,,,,,,,,4,4,4,4,4,4,4,4,4,4,4,4,2,3,3,1,1,2,2,2,3,2,3,1,,,,,,,,,,,,
C,2,10,2,1,4,2,4,1,2,4,3,4,3,2,2.0,1.0,4.0,3.0,3.0,2.0,2.0,4.0,2.0,2.0,2.0,2.0,2,3,2,3,1,3,1,4,2,3,2,2,3,3,3,3,2,3,2,3,4,3,3,3,2.0,1.0,3.0,3.0,2.0,1.0,3.0,4.0,3.0,4.0,3.0,3.0
C,2,11,3,3,3,3,3,3,3,3,3,3,3,3,2.0,2.0,3.0,2.0,2.0,3.0,2.0,2.0,2.0,2.0,3.0,2.0,3,3,3,3,3,3,2,4,4,3,3,3,3,3,3,3,3,3,3,3,3,3,3,3,3.0,3.0,3.0,2.0,3.0,2.0,2.0,4.0,4.0,2.0,3.0,3.0
C,2,12,0,3,3,4,3,2,4,4,3,4,3,3,4.0,4.0,4.0,4.0,4.0,4.0,4.0,4.0,4.0,4.0,4.0,4.0,4,4,4,4,4,4,4,4,4,4,4,4,3,3,3,3,3,3,3,3,3,3,3,3,2.0,3.0,3.0,2.0,2.0,2.0,4.0,4.0,3.0,3.0,3.0,3.0
C,2,13,3,3,3,3,3,3,3,3,3,3,3,3,3.0,3.0,3.0,3.0,3.0,3.0,3.0,3.0,3.0,3.0,3.0,3.0,3,2,3,2,3,1,3,3,4,2,3,3,3,3,4,3,4,3,3,4,4,4,4,4,3.0,2.0,3.0,3.0,4.0,2.0,2.0,3.0,4.0,3.0,3.0,3.0
C,2,14,4,4,4,4,4,4,4,4,4,4,4,4,4.0,4.0,4.0,4.0,4.0,4.0,4.0,4.0,4.0,4.0,4.0,4.0,4,4,4,4,4,4,4,4,4,4,4,4,4,4,4,4,4,3,3,4,4,4,4,3,4.0,4.0,4.0,4.0,4.0,4.0,4.0,4.0,4.0,4.0,4.0,4.0
C,2,15,1,1,1,1,1,1,1,1,2,1,2,1,3.0,3.0,4.0,3.0,3.0,3.0,3.0,4.0,3.0,3.0,4.0,3.0,4,4,4,3,3,3,4,4,3,3,3,4,4,2,2,3,3,2,2,3,4,3,2,3,4.0,4.0,4.0,4.0,4.0,3.0,3.0,4.0,4.0,3.0,4.0,4.0
C,2,16,3,4,4,3,3,2,4,3,3,4,3,3,1.0,2.0,3.0,2.0,1.0,1.0,4.0,3.0,1.0,3.0,3.0,1.0,2,3,3,2,1,1,4,3,2,3,3,3,4,3,4,3,4,3,3,3,4,4,3,3,3.0,2.0,3.0,3.0,3.0,2.0,3.0,3.0,3.0,3.0,3.0,4.0
C,2,17,3,3,4,3,3,3,4,3,4,3,3,3,4.0,4.0,4.0,3.0,3.0,2.0,2.0,3.0,3.0,3.0,3.0,3.0,3,2,4,2,2,3,3,4,3,3,3,3,3,2,2,2,2,2,2,2,3,2,2,2,4.0,4.0,4.0,4.0,4.0,4.0,3.0,3.0,4.0,4.0,3.0,3.0
C,2,18,4,4,4,4,4,4,4,4,4,4,4,4,4.0,4.0,4.0,4.0,4.0,4.0,4.0,4.0,4.0,4.0,4.0,4.0,4,4,4,4,4,4,4,4,4,4,4,4,3,3,3,3,4,2,2,4,4,3,2,3,4.0,4.0,4.0,4.0,4.0,4.0,4.0,4.0,4.0,4.0,4.0,4.0
C,2,19,1,2,2,3,1,1,3,3,1,3,3,4,2.0,1.0,1.0,1.0,3.0,2.0,2.0,1.0,1.0,1.0,2.0,2.0,3,1,2,4,4,2,3,4,4,3,3,4,4,3,4,4,4,3,4,4,4,4,4,4,4.0,4.0,4.0,4.0,4.0,3.0,4.0,4.0,3.0,2.0,2.0,4.0
C,2,20,3,3,4,4,4,2,3,4,4,4,4,4,4.0,3.0,4.0,4.0,3.0,3.0,3.0,4.0,3.0,4.0,4.0,4.0,2,3,3,3,3,3,3,4,3,4,3,4,3,1,4,2,4,2,2,3,4,3,3,2,3.0,3.0,4.0,4.0,4.0,2.0,3.0,4.0,4.0,4.0,4.0,4.0
C,2,21,2,3,4,3,2,3,2,3,2,3,4,3,3.0,3.0,4.0,3.0,3.0,2.0,3.0,3.0,2.0,2.0,4.0,2.0,1,3,4,2,2,3,3,3,2,3,3,2,4,2,2,2,3,2,2,3,4,2,2,2,2.0,3.0,4.0,3.0,2.0,2.0,3.0,3.0,3.0,2.0,4.0,2.0
C,2,22,3,2,3,3,2,2,3,3,4,3,3,2,3.0,3.0,3.0,3.0,1.0,1.0,2.0,3.0,2.0,3.0,2.0,2.0,1,2,3,1,2,2,2,2,2,2,2,3,4,3,4,3,3,4,3,4,4,4,2,1,2.0,3.0,3.0,1.0,2.0,2.0,2.0,3.0,2.0,2.0,3.0,2.0
C,2,23,3,2,3,2,3,2,3,3,2,3,3,3,3.0,3.0,3.0,2.0,3.0,3.0,3.0,3.0,3.0,3.0,3.0,3.0,3,2,3,1,3,3,2,3,3,3,3,2,4,4,4,4,4,3,3,4,4,4,3,4,3.0,0.0,3.0,2.0,3.0,3.0,2.0,4.0,3.0,2.0,3.0,3.0
C,2,24,3,3,3,3,2,3,4,4,3,3,4,4,3.0,3.0,3.0,3.0,3.0,3.0,4.0,4.0,3.0,3.0,3.0,3.0,3,3,4,3,3,3,4,4,4,4,4,4,4,4,4,4,4,4,4,4,4,4,4,4,3.0,3.0,3.0,3.0,3.0,3.0,4.0,4.0,3.0,3.0,3.0,3.0
C,2,25,4,4,4,4,4,3,4,4,4,3,4,4,4.0,4.0,4.0,4.0,4.0,3.0,4.0,4.0,4.0,4.0,4.0,4.0,3,3,4,3,4,2,4,4,4,3,4,4,3,2,2,2,3,2,1,3,4,3,1,3,4.0,4.0,4.0,3.0,4.0,3.0,4.0,4.0,4.0,3.0,4.0,4.0
C,2,26,3,3,4,3,3,4,3,3,3,4,4,3,3.0,3.0,4.0,3.0,4.0,4.0,3.0,3.0,4.0,3.0,3.0,4.0,3,3,3,3,3,4,4,4,4,4,4,4,3,3,3,3,3,3,3,3,3,2,3,2,3.0,3.0,4.0,2.0,4.0,4.0,3.0,3.0,3.0,3.0,3.0,4.0
C,2,27,3,3,3,3,3,2,3,3,2,3,3,3,3.0,3.0,3.0,3.0,3.0,2.0,2.0,3.0,2.0,3.0,3.0,2.0,3,3,3,2,3,2,3,3,4,3,2,3,3,2,3,0,2,2,3,3,3,3,2,3,2.0,2.0,3.0,4.0,3.0,3.0,3.0,3.0,3.0,3.0,3.0,3.0
C,2,28,2,3,3,2,2,3,3,4,4,2,3,3,,,,,,,,,,,,,3,3,2,3,3,2,3,3,3,4,3,2,3,2,3,3,2,2,2,3,3,2,3,2,,,,,,,,,,,,
C,2,29,3,4,4,4,3,3,4,4,4,4,4,4,2.0,4.0,3.0,3.0,2.0,3.0,4.0,3.0,2.0,3.0,4.0,3.0,2,3,3,3,2,4,4,3,2,3,4,2,4,3,3,3,4,2,2,4,4,2,4,4,3.0,4.0,3.0,4.0,4.0,3.0,4.0,4.0,4.0,4.0,4.0,4.0
C,2,30,3,3,4,4,4,3,3,4,4,3,4,3,4.0,3.0,4.0,4.0,4.0,3.0,3.0,4.0,3.0,3.0,4.0,3.0,2,3,3,3,4,2,3,3,3,3,3,2,4,4,4,4,4,4,4,4,4,4,4,4,4.0,4.0,4.0,4.0,4.0,3.0,3.0,4.0,4.0,4.0,4.0,4.0
C,1,1,2,2,3,2,4,3,4,3,4,2,4,4,3.0,3.0,3.0,3.0,3.0,2.0,3.0,3.0,3.0,3.0,3.0,3.0,2,2,3,3,2,3,2,2,1,2,3,2,4,4,4,4,4,4,4,4,4,4,4,4,3.0,3.0,3.0,3.0,3.0,2.0,3.0,3.0,3.0,3.0,3.0,3.0
C,1,2,3,3,4,3,4,3,4,4,2,4,4,3,4.0,4.0,4.0,4.0,4.0,3.0,4.0,4.0,3.0,4.0,4.0,4.0,4,4,4,4,4,3,4,4,4,4,4,4,3,3,3,3,3,2,2,2,3,3,3,2,4.0,4.0,4.0,4.0,4.0,3.0,4.0,4.0,4.0,4.0,4.0,4.0
C,1,3,2,3,3,3,4,3,4,4,3,4,2,4,4.0,3.0,4.0,4.0,4.0,4.0,4.0,4.0,4.0,4.0,4.0,4.0,4,3,3,2,2,4,3,4,1,1,2,2,4,4,4,3,4,4,4,4,4,4,4,4,4.0,4.0,4.0,4.0,4.0,4.0,4.0,4.0,4.0,4.0,4.0,3.0
C,1,4,3,2,3,4,3,2,2,3,4,2,3,3,3.0,2.0,3.0,3.0,3.0,2.0,3.0,3.0,2.0,3.0,2.0,3.0,2,2,3,2,2,3,2,3,1,2,2,3,4,2,3,2,3,2,2,3,4,2,4,3,3.0,3.0,3.0,3.0,3.0,2.0,2.0,3.0,4.0,3.0,2.0,3.0
C,1,5,3,2,3,3,2,3,3,3,3,3,3,3,2.0,3.0,3.0,2.0,2.0,3.0,3.0,2.0,2.0,3.0,3.0,3.0,3,3,3,3,3,3,3,3,3,3,3,3,4,2,3,3,2,2,3,4,3,3,3,2,4.0,4.0,4.0,4.0,4.0,4.0,3.0,3.0,4.0,3.0,4.0,3.0
C,1,6,2,2,3,3,2,2,3,3,2,4,3,2,1.0,2.0,2.0,2.0,2.0,2.0,2.0,2.0,2.0,3.0,2.0,2.0,1,2,3,1,1,2,3,2,2,2,3,2,3,2,2,2,3,2,2,2,3,2,2,2,2.0,2.0,3.0,3.0,2.0,3.0,3.0,3.0,3.0,3.0,3.0,3.0
C,1,7,1,2,2,2,1,2,2,1,1,2,1,1,4.0,4.0,4.0,3.0,4.0,3.0,3.0,4.0,4.0,4.0,3.0,4.0,2,2,2,1,3,1,1,2,1,2,2,1,3,1,1,1,3,1,1,1,4,1,1,3,4.0,3.0,3.0,4.0,4.0,1.0,3.0,4.0,4.0,4.0,3.0,4.0
C,1,8,2,4,3,2,4,4,3,4,4,4,4,4,3.0,4.0,3.0,3.0,4.0,4.0,3.0,4.0,4.0,4.0,4.0,4.0,2,4,3,2,4,4,3,2,4,4,4,1,3,3,3,3,3,2,3,3,3,2,3,3,2.0,4.0,4.0,3.0,4.0,4.0,4.0,4.0,4.0,4.0,4.0,4.0
C,1,9,4,4,4,3,4,4,4,4,4,4,4,4,4.0,4.0,4.0,3.0,4.0,4.0,4.0,4.0,4.0,4.0,4.0,3.0,4,4,4,3,4,4,4,4,4,4,4,4,3,2,2,2,1,1,2,3,3,2,2,2,4.0,4.0,4.0,3.0,4.0,4.0,4.0,4.0,4.0,4.0,4.0,3.0
C,1,10,3,3,3,3,2,3,3,4,3,3,4,3,3.0,3.0,3.0,3.0,3.0,3.0,4.0,3.0,3.0,3.0,3.0,3.0,2,3,3,2,3,3,3,3,2,3,3,3,4,3,3,4,4,3,4,4,4,3,4,3,3.0,3.0,4.0,3.0,3.0,3.0,4.0,4.0,3.0,3.0,3.0,3.0
C,1,11,2,3,4,3,3,2,4,4,4,4,3,3,4.0,3.0,4.0,3.0,4.0,2.0,4.0,4.0,4.0,4.0,3.0,4.0,4,3,4,3,4,2,4,4,4,3,3,3,4,3,4,3,4,4,4,4,4,4,4,4,3.0,2.0,4.0,2.0,4.0,2.0,4.0,4.0,4.0,4.0,3.0,3.0
C,1,12,2,3,3,3,2,2,3,3,3,2,2,3,3.0,2.0,3.0,3.0,2.0,3.0,3.0,3.0,3.0,2.0,2.0,3.0,3,3,3,3,4,3,3,4,4,3,3,4,2,2,3,3,3,2,1,2,3,2,2,2,3.0,2.0,3.0,2.0,3.0,2.0,3.0,3.0,2.0,2.0,2.0,3.0
D,1,13,3,3,3,3,3,2,2,3,2,2,2,2,4.0,3.0,4.0,3.0,2.0,3.0,3.0,3.0,2.0,3.0,3.0,1.0,2,2,3,2,2,2,3,3,2,3,3,2,4,2,3,3,2,2,3,4,3,3,3,2,4.0,2.0,4.0,3.0,2.0,2.0,3.0,4.0,3.0,3.0,3.0,4.0
D,1,14,4,4,4,4,4,3,4,4,2,4,4,4,3.0,2.0,2.0,3.0,2.0,2.0,2.0,2.0,3.0,3.0,2.0,3.0,3,2,3,2,2,2,2,3,3,3,3,3,3,2,3,3,3,2,2,3,3,3,3,3,4.0,3.0,3.0,3.0,4.0,4.0,3.0,4.0,4.0,4.0,3.0,3.0
D,1,15,1,1,1,1,1,1,1,1,1,1,1,1,4.0,4.0,4.0,4.0,4.0,4.0,4.0,4.0,4.0,4.0,4.0,3.0,4,4,4,4,4,4,4,4,4,4,4,2,4,4,4,4,4,4,4,4,4,4,4,4,4.0,4.0,4.0,4.0,4.0,4.0,4.0,4.0,4.0,4.0,4.0,3.0
D,1,16,3,4,4,4,4,4,4,4,4,3,4,4,3.0,3.0,4.0,4.0,4.0,3.0,4.0,3.0,3.0,4.0,3.0,3.0,4,4,4,4,4,3,4,4,4,4,4,4,3,3,4,4,4,4,4,4,4,4,3,3,2.0,3.0,3.0,4.0,3.0,4.0,4.0,4.0,3.0,4.0,3.0,3.0
D,1,17,3,2,4,3,3,2,2,4,3,3,3,4,3.0,2.0,2.0,2.0,3.0,2.0,2.0,4.0,3.0,3.0,3.0,3.0,3,2,4,2,3,2,2,3,3,2,2,3,3,2,2,2,3,2,2,3,4,2,2,3,3.0,2.0,3.0,2.0,3.0,2.0,2.0,3.0,2.0,2.0,3.0,3.0
D,1,18,2,3,3,3,4,1,4,4,4,3,3,4,3.0,3.0,3.0,3.0,4.0,2.0,4.0,4.0,3.0,4.0,3.0,4.0,2,3,3,1,2,1,4,4,2,4,3,4,3,2,3,3,4,3,2,4,3,2,2,3,4.0,3.0,4.0,4.0,4.0,2.0,4.0,4.0,4.0,4.0,4.0,4.0
D,1,19,3,2,2,2,1,1,1,1,1,3,3,1,3.0,2.0,2.0,2.0,2.0,2.0,2.0,2.0,2.0,2.0,2.0,2.0,2,2,2,2,2,2,2,2,2,3,3,2,3,2,2,2,3,2,2,2,3,2,2,2,1.0,2.0,2.0,2.0,2.0,2.0,2.0,2.0,3.0,2.0,2.0,2.0
D,1,20,3,1,1,1,2,1,1,1,1,2,1,3,3.0,1.0,1.0,1.0,2.0,1.0,1.0,1.0,1.0,1.0,1.0,3.0,3,1,1,1,3,1,1,2,3,1,1,3,3,1,1,1,3,1,1,1,4,1,1,3,4.0,2.0,1.0,3.0,3.0,1.0,2.0,4.0,3.0,2.0,2.0,3.0
D,1,21,3,2,2,2,2,2,2,2,3,2,2,2,3.0,2.0,2.0,2.0,2.0,2.0,2.0,2.0,2.0,2.0,2.0,2.0,2,3,3,3,2,3,3,3,3,3,3,3,3,2,2,2,2,2,2,2,3,2,2,2,3.0,2.0,2.0,2.0,2.0,2.0,2.0,2.0,2.0,2.0,2.0,2.0
D,1,22,1,2,2,2,1,3,4,1,2,2,2,3,3.0,3.0,3.0,2.0,3.0,2.0,2.0,3.0,3.0,3.0,3.0,2.0,2,3,3,1,3,2,1,1,3,1,2,1,3,2,2,2,3,2,1,3,4,3,1,3,4.0,4.0,4.0,4.0,4.0,3.0,4.0,4.0,4.0,4.0,4.0,4.0
D,1,23,3,3,3,3,2,1,3,1,1,3,2,3,3.0,3.0,3.0,3.0,3.0,3.0,3.0,4.0,3.0,3.0,3.0,3.0,2,2,3,2,3,3,2,3,3,2,3,3,3,3,3,3,3,3,3,3,3,2,3,2,3.0,3.0,3.0,3.0,3.0,3.0,3.0,3.0,3.0,3.0,3.0,3.0
D,1,24,3,2,2,3,2,2,2,3,3,2,2,3,3.0,2.0,3.0,2.0,3.0,2.0,3.0,3.0,3.0,3.0,2.0,3.0,3,2,3,2,3,2,2,3,3,2,2,3,3,2,3,0,2,2,3,3,3,3,2,3,3.0,2.0,3.0,2.0,3.0,2.0,2.0,3.0,2.0,2.0,2.0,3.0
D,1,25,3,2,3,3,3,2,2,3,2,2,2,3,3.0,2.0,3.0,3.0,2.0,2.0,2.0,3.0,2.0,3.0,3.0,2.0,2,2,3,2,3,2,2,2,3,2,3,3,3,2,3,3,2,2,2,3,3,2,3,2,2.0,2.0,3.0,2.0,2.0,2.0,2.0,2.0,2.0,2.0,2.0,3.0
D,1,26,3,3,3,3,3,3,3,4,3,2,3,4,3.0,3.0,3.0,3.0,3.0,2.0,2.0,4.0,4.0,3.0,4.0,4.0,3,3,3,3,3,2,2,3,2,3,3,3,4,3,3,3,4,2,2,4,4,2,4,4,3.0,3.0,3.0,3.0,3.0,2.0,2.0,4.0,4.0,2.0,4.0,4.0
D,1,27,4,4,4,4,4,4,3,4,3,4,4,4,4.0,4.0,4.0,4.0,4.0,4.0,4.0,4.0,4.0,4.0,4.0,4.0,3,4,4,3,4,2,2,4,4,4,4,4,4,4,4,4,4,4,4,4,4,4,4,4,4.0,4.0,4.0,4.0,4.0,4.0,4.0,4.0,4.0,4.0,4.0,4.0
D,1,28,3,4,4,3,4,4,3,4,3,4,4,4,4.0,4.0,4.0,4.0,4.0,4.0,4.0,4.0,4.0,4.0,4.0,4.0,4,4,4,4,4,4,4,4,4,4,4,4,4,4,4,4,4,4,4,4,4,4,4,4,3.0,4.0,4.0,3.0,3.0,4.0,4.0,4.0,4.0,4.0,4.0,4.0
D,1,29,4,4,4,3,4,3,2,3,2,3,3,2,4.0,3.0,4.0,3.0,3.0,3.0,3.0,3.0,3.0,3.0,2.0,2.0,3,2,3,2,2,3,2,2,3,3,3,2,3,3,3,3,3,2,2,2,3,3,3,2,3.0,3.0,3.0,3.0,3.0,3.0,2.0,3.0,3.0,2.0,3.0,3.0
D,1,30,4,4,4,3,4,4,4,4,3,4,4,4,4.0,4.0,4.0,4.0,4.0,4.0,4.0,4.0,4.0,4.0,4.0,4.0,4,4,4,3,4,4,4,4,4,4,4,4,4,4,4,3,4,4,4,4,4,4,4,4,4.0,4.0,4.0,4.0,4.0,4.0,4.0,4.0,4.0,4.0,4.0,4.0
D,2,1,3,2,4,4,4,3,3,4,2,3,4,3,4.0,2.0,3.0,3.0,3.0,3.0,2.0,4.0,2.0,3.0,2.0,2.0,3,2,3,2,2,2,2,3,2,2,2,2,3,3,3,3,4,2,2,4,4,3,2,3,3.0,2.0,3.0,3.0,3.0,2.0,3.0,4.0,3.0,3.0,3.0,3.0
D,2,2,3,3,3,3,3,2,3,3,4,3,3,3,4.0,3.0,3.0,3.0,3.0,3.0,3.0,3.0,3.0,3.0,3.0,3.0,3,3,3,2,3,2,2,3,3,3,2,2,4,3,4,4,4,3,4,4,4,4,4,4,3.0,3.0,3.0,3.0,3.0,2.0,2.0,3.0,3.0,2.0,3.0,3.0
D,2,3,4,2,4,3,4,2,3,4,3,2,3,3,4.0,2.0,4.0,4.0,4.0,2.0,2.0,4.0,4.0,2.0,3.0,3.0,1,2,4,2,1,2,3,2,3,2,2,1,3,1,4,2,4,2,2,3,4,3,3,2,3.0,2.0,4.0,3.0,3.0,2.0,2.0,4.0,3.0,3.0,3.0,2.0
D,2,4,3,2,3,3,3,2,2,3,3,3,3,3,3.0,2.0,2.0,2.0,3.0,2.0,3.0,3.0,2.0,2.0,3.0,2.0,3,3,3,2,3,2,3,3,3,3,2,3,3,3,3,3,3,2,3,3,3,2,3,3,2.0,2.0,2.0,2.0,3.0,2.0,3.0,3.0,3.0,3.0,2.0,3.0
D,2,5,3,2,3,3,3,2,2,4,2,3,3,2,2.0,2.0,3.0,3.0,2.0,3.0,2.0,3.0,3.0,2.0,2.0,3.0,2,2,3,1,1,1,2,3,3,2,2,1,3,2,2,2,1,1,2,3,3,2,2,2,3.0,2.0,3.0,3.0,2.0,1.0,2.0,3.0,3.0,2.0,2.0,3.0
D,2,6,4,3,4,4,4,2,4,4,4,4,4,4,3.0,3.0,3.0,4.0,4.0,4.0,4.0,4.0,4.0,3.0,4.0,4.0,4,3,4,4,3,4,4,4,4,4,4,4,4,3,3,4,4,3,4,4,4,3,4,3,4.0,4.0,3.0,3.0,4.0,3.0,4.0,4.0,2.0,3.0,4.0,3.0
D,2,7,4,3,4,3,3,3,3,4,2,3,4,3,3.0,3.0,3.0,3.0,3.0,3.0,2.0,4.0,3.0,3.0,3.0,3.0,3,3,3,2,3,2,3,4,3,3,3,3,4,3,4,3,4,4,4,4,4,4,4,4,4.0,4.0,4.0,3.0,4.0,4.0,4.0,4.0,4.0,4.0,4.0,4.0
D,2,8,2,2,4,3,3,2,1,2,2,3,3,3,2.0,2.0,3.0,3.0,3.0,2.0,2.0,2.0,2.0,2.0,2.0,3.0,3,2,3,3,3,2,0,1,2,2,3,3,2,2,3,3,3,2,1,2,3,2,2,2,2.0,2.0,3.0,3.0,2.0,2.0,1.0,2.0,2.0,2.0,0.0,0.0
D,2,9,3,2,4,3,3,2,3,4,1,3,2,4,2.0,2.0,3.0,2.0,3.0,2.0,2.0,4.0,2.0,3.0,4.0,3.0,3,2,4,2,3,2,2,3,4,3,4,3,4,2,3,2,3,2,2,3,4,2,4,3,4.0,2.0,3.0,3.0,4.0,2.0,3.0,4.0,4.0,4.0,4.0,4.0
D,2,10,4,3,4,3,3,2,1,3,1,3,3,2,3.0,2.0,3.0,3.0,2.0,2.0,1.0,3.0,3.0,2.0,3.0,2.0,3,3,3,3,2,2,1,3,4,3,4,2,3,2,2,3,2,1,1,3,4,2,3,1,4.0,3.0,2.0,3.0,2.0,2.0,3.0,3.0,4.0,2.0,3.0,3.0
D,2,11,4,3,4,4,4,3,3,4,4,3,4,4,3.0,3.0,4.0,3.0,3.0,3.0,3.0,4.0,3.0,3.0,4.0,3.0,3,3,4,3,3,3,3,4,3,3,4,4,4,4,4,4,4,3,3,4,4,3,4,3,3.0,3.0,4.0,3.0,3.0,3.0,3.0,4.0,3.0,3.0,4.0,3.0
D,2,12,4,3,3,4,4,3,3,4,4,3,4,4,3.0,3.0,3.0,3.0,3.0,3.0,2.0,4.0,3.0,3.0,4.0,3.0,3,3,3,3,3,3,3,4,4,4,4,4,4,3,3,3,3,3,3,4,4,4,4,3,4.0,3.0,3.0,2.0,3.0,3.0,3.0,4.0,4.0,3.0,3.0,3.0
D,2,13,4,4,4,4,4,3,4,4,3,3,4,4,4.0,3.0,3.0,3.0,4.0,3.0,4.0,4.0,4.0,4.0,3.0,4.0,4,3,4,3,3,3,4,4,4,3,3,4,4,3,3,3,4,3,4,4,4,3,3,4,3.0,3.0,2.0,2.0,3.0,2.0,4.0,4.0,3.0,3.0,3.0,3.0
D,2,14,3,3,3,3,4,3,2,3,2,3,3,3,1.0,1.0,1.0,1.0,2.0,1.0,2.0,3.0,2.0,1.0,2.0,4.0,3,3,3,2,2,3,3,3,3,3,3,3,2,2,2,2,2,1,2,2,3,3,2,3,4.0,4.0,4.0,3.0,4.0,3.0,3.0,4.0,4.0,3.0,4.0,4.0
D,2,15,4,3,4,3,4,4,4,4,4,3,3,4,4.0,4.0,4.0,4.0,4.0,4.0,4.0,4.0,4.0,4.0,4.0,4.0,4,4,4,3,4,3,4,4,4,3,3,4,4,3,4,3,4,3,4,4,4,4,4,4,4.0,3.0,4.0,2.0,3.0,3.0,4.0,4.0,3.0,3.0,3.0,4.0
D,2,16,3,3,3,3,3,3,3,3,3,3,3,3,3.0,3.0,3.0,3.0,4.0,3.0,3.0,3.0,3.0,3.0,3.0,3.0,3,3,3,3,3,3,3,3,3,3,3,3,3,3,4,3,3,3,2,3,4,4,4,4,4.0,4.0,4.0,3.0,4.0,2.0,3.0,4.0,1.0,4.0,4.0,2.0
D,2,17,2,2,3,3,2,3,3,2,3,2,2,1,4.0,2.0,3.0,3.0,2.0,2.0,2.0,3.0,2.0,2.0,3.0,2.0,3,2,2,2,2,2,2,3,3,2,2,3,4,2,3,3,2,2,2,4,4,3,2,2,3.0,3.0,3.0,3.0,3.0,2.0,2.0,3.0,3.0,2.0,3.0,3.0
D,2,18,4,4,4,4,4,4,4,4,3,4,4,4,4.0,4.0,4.0,3.0,4.0,4.0,4.0,4.0,4.0,4.0,4.0,4.0,4,4,4,0,4,4,4,4,4,4,4,4,4,4,4,3,4,4,4,4,4,4,4,4,4.0,4.0,4.0,2.0,4.0,4.0,4.0,4.0,4.0,4.0,4.0,4.0
D,2,19,2,3,3,3,3,2,2,3,2,2,2,2,3.0,2.0,2.0,2.0,3.0,2.0,3.0,2.0,2.0,2.0,2.0,2.0,3,2,3,2,3,3,2,2,2,2,3,2,3,2,2,2,3,2,2,2,3,2,2,4,2.0,2.0,2.0,2.0,3.0,2.0,2.0,3.0,3.0,2.0,2.0,4.0
D,2,20,4,3,3,3,4,3,3,4,4,3,3,4,3.0,3.0,3.0,3.0,3.0,3.0,3.0,3.0,3.0,3.0,3.0,3.0,4,4,4,3,4,3,3,3,4,4,4,3,4,4,4,4,4,4,4,4,4,4,4,4,3.0,3.0,3.0,2.0,2.0,3.0,2.0,2.0,3.0,3.0,4.0,4.0
D,2,21,3,2,4,3,3,2,1,2,3,4,3,2,3.0,2.0,3.0,3.0,2.0,1.0,1.0,3.0,2.0,2.0,2.0,2.0,3,2,3,2,2,2,1,2,2,1,3,2,3,2,3,3,3,2,2,3,4,2,2,2,2.0,2.0,3.0,3.0,2.0,2.0,3.0,3.0,3.0,3.0,2.0,3.0
D,2,22,4,4,4,4,4,3,4,3,4,4,4,4,4.0,4.0,4.0,4.0,4.0,4.0,4.0,4.0,4.0,3.0,4.0,4.0,4,3,4,2,4,3,3,3,3,3,3,4,4,4,4,4,4,4,4,4,4,4,4,4,4.0,3.0,4.0,3.0,4.0,4.0,3.0,4.0,4.0,4.0,4.0,4.0
D,2,23,4,2,4,4,4,3,4,4,4,2,3,4,4.0,3.0,4.0,4.0,4.0,4.0,4.0,4.0,4.0,4.0,4.0,4.0,4,3,4,2,4,3,3,4,4,3,4,4,4,2,3,3,4,3,3,4,4,3,4,4,3.0,2.0,3.0,3.0,4.0,2.0,4.0,4.0,3.0,4.0,3.0,4.0
D,2,24,0,0,0,0,0,0,0,0,0,0,0,0,2.0,2.0,2.0,2.0,2.0,2.0,2.0,2.0,2.0,2.0,2.0,2.0,4,3,2,2,2,2,1,2,3,3,4,2,2,2,2,2,2,2,2,2,2,2,2,3,2.0,2.0,2.0,2.0,2.0,2.0,2.0,2.0,2.0,2.0,2.0,3.0
D,2,25,3,2,3,2,2,2,3,3,2,2,2,2,2.0,2.0,2.0,2.0,3.0,2.0,2.0,3.0,2.0,3.0,2.0,2.0,2,2,2,2,2,2,3,2,1,2,2,2,2,2,2,3,2,2,3,3,3,2,2,2,2.0,1.0,2.0,1.0,2.0,2.0,1.0,2.0,2.0,1.0,2.0,2.0
D,2,26,4,4,4,3,4,4,3,4,4,3,4,4,4.0,4.0,4.0,3.0,4.0,4.0,3.0,4.0,4.0,4.0,4.0,4.0,4,4,4,3,4,4,3,4,4,4,4,4,4,4,4,4,4,4,4,4,4,4,4,4,4.0,4.0,4.0,4.0,4.0,4.0,4.0,4.0,4.0,4.0,4.0,4.0
D,2,27,3,2,4,4,3,1,2,4,2,2,4,3,2.0,2.0,3.0,2.0,3.0,1.0,3.0,2.0,2.0,3.0,3.0,3.0,1,2,2,2,1,1,1,2,1,2,2,1,3,1,3,3,3,1,2,3,3,4,3,4,3.0,2.0,3.0,3.0,3.0,2.0,3.0,2.0,3.0,3.0,3.0,4.0
D,2,28,4,3,4,3,4,3,4,4,3,3,3,4,2.0,2.0,2.0,2.0,1.0,2.0,2.0,1.0,2.0,2.0,1.0,2.0,1,2,1,2,2,1,2,2,1,1,2,1,4,3,4,3,4,4,3,4,4,3,3,4,4.0,4.0,4.0,4.0,4.0,3.0,3.0,3.0,3.0,3.0,4.0,3.0
D,2,29,3,3,3,3,2,2,3,3,4,3,2,2,2.0,2.0,2.0,2.0,2.0,2.0,3.0,2.0,2.0,3.0,3.0,2.0,2,2,3,3,2,2,3,3,3,3,2,3,2,2,3,2,2,2,3,3,3,2,2,3,3.0,2.0,3.0,2.0,2.0,2.0,3.0,3.0,3.0,2.0,2.0,2.0
D,2,30,2,2,2,3,2,1,4,3,3,3,2,2,4.0,2.0,3.0,4.0,4.0,2.0,4.0,3.0,4.0,3.0,4.0,4.0,4,3,4,4,4,2,4,4,4,4,4,4,4,4,4,3,4,4,3,4,4,4,4,4,3.0,2.0,3.0,3.0,3.0,2.0,3.0,3.0,4.0,3.0,4.0,4.0
