"school","class_id","student_no","kokugo_score","kokugo_n","kokugo_rate","shakai_score","shakai_n","shakai_rate","sugaku_score","sugaku_n","sugaku_rate","rika_score","rika_n","rika_rate","eigo_score","eigo_n","eigo_rate","kokugo_gmm","kokugo_cut","shakai_gmm","shakai_cut","sugaku_gmm","sugaku_cut","rika_gmm","rika_cut","eigo_gmm","eigo_cut"
"A",1,1,20,51,0.392156862745098,14,44,0.318181818181818,11,36,0.305555555555556,11,45,0.244444444444444,20,59,0.338983050847458,2,1,2,1,2,1,1,1,2,1
"A",1,2,13,51,0.254901960784314,23,44,0.522727272727273,11,36,0.305555555555556,21,45,0.466666666666667,14,59,0.23728813559322,1,1,3,2,2,1,3,2,2,1
"A",1,3,31,51,0.607843137254902,27,44,0.613636363636364,10,36,0.277777777777778,24,45,0.533333333333333,32,59,0.542372881355932,3,3,4,3,1,1,3,2,3,2
"A",1,4,18,51,0.352941176470588,16,44,0.363636363636364,10,36,0.277777777777778,16,45,0.355555555555556,24,59,0.406779661016949,2,1,2,1,1,1,2,1,2,2
"A",1,5,30,51,0.588235294117647,28,44,0.636363636363636,18,36,0.5,30,45,0.666666666666667,37,59,0.627118644067797,3,3,4,3,3,2,4,3,3,3
"A",1,6,45,51,0.882352941176471,35,44,0.795454545454545,28,36,0.777777777777778,38,45,0.844444444444444,50,59,0.847457627118644,5,5,5,4,4,4,5,4,5,4
"A",1,7,23,51,0.450980392156863,26,44,0.590909090909091,8,36,0.222222222222222,19,45,0.422222222222222,20,59,0.338983050847458,2,2,4,3,1,1,2,2,2,1
"A",1,8,35,51,0.686274509803922,31,44,0.704545454545455,25,36,0.694444444444444,30,45,0.666666666666667,46,59,0.779661016949153,4,3,4,4,4,3,4,3,5,4
"A",1,9,24,51,0.470588235294118,18,44,0.409090909090909,19,36,0.527777777777778,19,45,0.422222222222222,37,59,0.627118644067797,2,2,3,2,3,2,2,2,3,3
"A",1,10,30,51,0.588235294117647,31,44,0.704545454545455,22,36,0.611111111111111,22,45,0.488888888888889,42,59,0.711864406779661,3,3,4,4,4,3,3,2,4,4
"A",1,11,28,51,0.549019607843137,31,44,0.704545454545455,9,36,0.25,25,45,0.555555555555556,37,59,0.627118644067797,3,2,4,4,1,1,3,3,3,3
"A",1,12,26,51,0.509803921568627,27,44,0.613636363636364,15,36,0.416666666666667,26,45,0.577777777777778,34,59,0.576271186440678,2,2,4,3,3,2,3,3,3,3
"A",1,13,44,51,0.862745098039216,32,44,0.727272727272727,27,36,0.75,42,45,0.933333333333333,40,59,0.677966101694915,5,5,4,4,4,4,5,5,4,3
"A",1,14,30,51,0.588235294117647,25,44,0.568181818181818,16,36,0.444444444444444,27,45,0.6,37,59,0.627118644067797,3,3,3,3,3,2,3,3,3,3
"A",1,15,32,51,0.627450980392157,25,44,0.568181818181818,17,36,0.472222222222222,17,45,0.377777777777778,49,59,0.830508474576271,3,3,3,3,3,2,2,1,5,4
"A",1,16,34,51,0.666666666666667,26,44,0.590909090909091,18,36,0.5,15,45,0.333333333333333,39,59,0.661016949152542,4,3,4,3,3,2,2,1,4,3
"A",1,17,43,51,0.843137254901961,36,44,0.818181818181818,27,36,0.75,30,45,0.666666666666667,45,59,0.76271186440678,5,4,5,4,4,4,4,3,5,4
"A",1,18,39,51,0.764705882352941,26,44,0.590909090909091,28,36,0.777777777777778,27,45,0.6,48,59,0.813559322033898,5,4,4,3,4,4,3,3,5,4
"A",1,19,40,51,0.784313725490196,39,44,0.886363636363636,28,36,0.777777777777778,39,45,0.866666666666667,54,59,0.915254237288136,5,4,5,5,4,4,5,5,5,5
"A",1,20,34,51,0.666666666666667,34,44,0.772727272727273,17,36,0.472222222222222,14,45,0.311111111111111,39,59,0.661016949152542,4,3,4,4,3,2,1,1,4,3
"A",1,21,23,51,0.450980392156863,14,44,0.318181818181818,8,36,0.222222222222222,15,45,0.333333333333333,18,59,0.305084745762712,2,2,2,1,1,1,2,1,2,1
"A",1,22,35,51,0.686274509803922,37,44,0.840909090909091,28,36,0.777777777777778,36,45,0.8,49,59,0.830508474576271,4,3,5,4,4,4,4,4,5,4
"A",1,23,31,51,0.607843137254902,26,44,0.590909090909091,15,36,0.416666666666667,20,45,0.444444444444444,38,59,0.644067796610169,3,3,4,3,3,2,2,2,4,3
"A",1,24,34,51,0.666666666666667,37,44,0.840909090909091,17,36,0.472222222222222,33,45,0.733333333333333,35,59,0.593220338983051,4,3,5,4,3,2,4,4,3,3
"A",1,25,40,51,0.784313725490196,29,44,0.659090909090909,28,36,0.777777777777778,29,45,0.644444444444444,46,59,0.779661016949153,5,4,4,3,4,4,4,3,5,4
"A",1,26,34,51,0.666666666666667,26,44,0.590909090909091,23,36,0.638888888888889,29,45,0.644444444444444,37,59,0.627118644067797,4,3,4,3,4,3,4,3,3,3
"A",1,27,31,51,0.607843137254902,23,44,0.522727272727273,22,36,0.611111111111111,25,45,0.555555555555556,21,59,0.355932203389831,3,3,3,2,4,3,3,3,2,1
"A",1,28,41,51,0.803921568627451,36,44,0.818181818181818,26,36,0.722222222222222,34,45,0.755555555555556,47,59,0.796610169491525,5,4,5,4,4,4,4,4,5,4
"A",1,29,31,51,0.607843137254902,31,44,0.704545454545455,27,36,0.75,32,45,0.711111111111111,33,59,0.559322033898305,3,3,4,4,4,4,4,4,3,3
"A",1,30,37,51,0.725490196078431,30,44,0.681818181818182,18,36,0.5,31,45,0.688888888888889,40,59,0.677966101694915,4,4,4,3,3,2,4,3,4,3
"A",2,1,13,51,0.254901960784314,15,44,0.340909090909091,9,36,0.25,10,45,0.222222222222222,17,59,0.288135593220339,1,1,2,1,1,1,1,1,2,1
"A",2,2,20,51,0.392156862745098,19,44,0.431818181818182,12,36,0.333333333333333,16,45,0.355555555555556,17,59,0.288135593220339,2,1,3,2,2,1,2,1,2,1
"A",2,3,37,51,0.725490196078431,31,44,0.704545454545455,15,36,0.416666666666667,26,45,0.577777777777778,29,59,0.491525423728814,4,4,4,4,3,2,3,3,3,2
"A",2,4,45,51,0.882352941176471,25,44,0.568181818181818,27,36,0.75,29,45,0.644444444444444,42,59,0.711864406779661,5,5,3,3,4,4,4,3,4,4
"A",2,5,37,51,0.725490196078431,35,44,0.795454545454545,28,36,0.777777777777778,31,45,0.688888888888889,46,59,0.779661016949153,4,4,5,4,4,4,4,3,5,4
"A",2,6,34,51,0.666666666666667,21,44,0.477272727272727,10,36,0.277777777777778,21,45,0.466666666666667,28,59,0.474576271186441,4,3,3,2,1,1,3,2,2,2
"A",2,7,44,51,0.862745098039216,37,44,0.840909090909091,30,36,0.833333333333333,34,45,0.755555555555556,53,59,0.898305084745763,5,5,5,4,5,4,4,4,5,5
"A",2,8,39,51,0.764705882352941,29,44,0.659090909090909,22,36,0.611111111111111,25,45,0.555555555555556,36,59,0.610169491525424,5,4,4,3,4,3,3,3,3,3
"A",2,9,37,51,0.725490196078431,32,44,0.727272727272727,22,36,0.611111111111111,31,45,0.688888888888889,41,59,0.694915254237288,4,4,4,4,4,3,4,3,4,3
"A",2,10,28,51,0.549019607843137,19,44,0.431818181818182,16,36,0.444444444444444,24,45,0.533333333333333,30,59,0.508474576271186,3,2,3,2,3,2,3,2,3,2
"A",2,11,23,51,0.450980392156863,18,44,0.409090909090909,11,36,0.305555555555556,13,45,0.288888888888889,21,59,0.355932203389831,2,2,3,2,2,1,1,1,2,1
"A",2,12,33,51,0.647058823529412,40,44,0.909090909090909,21,36,0.583333333333333,31,45,0.688888888888889,41,59,0.694915254237288,4,3,5,5,3,3,4,3,4,3
"A",2,13,29,51,0.568627450980392,24,44,0.545454545454545,17,36,0.472222222222222,21,45,0.466666666666667,29,59,0.491525423728814,3,3,3,2,3,2,3,2,3,2
"A",2,14,23,51,0.450980392156863,22,44,0.5,10,36,0.277777777777778,23,45,0.511111111111111,22,59,0.372881355932203,2,2,3,2,1,1,3,2,2,1
"A",2,15,30,51,0.588235294117647,23,44,0.522727272727273,25,36,0.694444444444444,24,45,0.533333333333333,42,59,0.711864406779661,3,3,3,2,4,3,3,2,4,4
"A",2,16,42,51,0.823529411764706,39,44,0.886363636363636,33,36,0.916666666666667,37,45,0.822222222222222,53,59,0.898305084745763,5,4,5,5,5,5,5,4,5,5
"A",2,17,42,51,0.823529411764706,39,44,0.886363636363636,32,36,0.888888888888889,32,45,0.711111111111111,26,59,0.440677966101695,5,4,5,5,5,5,4,4,2,2
"A",2,18,32,51,0.627450980392157,27,44,0.613636363636364,21,36,0.583333333333333,18,45,0.4,40,59,0.677966101694915,3,3,4,3,3,3,2,1,4,3
"A",2,19,31,51,0.607843137254902,28,44,0.636363636363636,13,36,0.361111111111111,18,45,0.4,26,59,0.440677966101695,3,3,4,3,2,1,2,1,2,2
"A",2,20,26,51,0.509803921568627,34,44,0.772727272727273,23,36,0.638888888888889,30,45,0.666666666666667,42,59,0.711864406779661,2,2,4,4,4,3,4,3,4,4
"A",2,21,35,51,0.686274509803922,28,44,0.636363636363636,20,36,0.555555555555556,32,45,0.711111111111111,39,59,0.661016949152542,4,3,4,3,3,3,4,4,4,3
"A",2,22,37,51,0.725490196078431,33,44,0.75,28,36,0.777777777777778,34,45,0.755555555555556,36,59,0.610169491525424,4,4,4,4,4,4,4,4,3,3
"A",2,23,33,51,0.647058823529412,28,44,0.636363636363636,19,36,0.527777777777778,28,45,0.622222222222222,37,59,0.627118644067797,4,3,4,3,3,2,4,3,3,3
"A",2,24,13,51,0.254901960784314,10,44,0.227272727272727,11,36,0.305555555555556,14,45,0.311111111111111,15,59,0.254237288135593,1,1,2,1,2,1,1,1,2,1
"A",2,25,17,51,0.333333333333333,15,44,0.340909090909091,10,36,0.277777777777778,12,45,0.266666666666667,23,59,0.389830508474576,1,1,2,1,1,1,1,1,2,1
"A",2,26,46,51,0.901960784313726,37,44,0.840909090909091,36,36,1,42,45,0.933333333333333,52,59,0.88135593220339,5,5,5,4,5,5,5,5,5,5
"A",2,27,29,51,0.568627450980392,22,44,0.5,11,36,0.305555555555556,26,45,0.577777777777778,25,59,0.423728813559322,3,3,3,2,2,1,3,3,2,2
"A",2,28,39,51,0.764705882352941,24,44,0.545454545454545,18,36,0.5,29,45,0.644444444444444,47,59,0.796610169491525,5,4,3,2,3,2,4,3,5,4
"A",2,29,31,51,0.607843137254902,33,44,0.75,11,36,0.305555555555556,23,45,0.511111111111111,37,59,0.627118644067797,3,3,4,4,2,1,3,2,3,3
"A",2,30,26,51,0.509803921568627,13,44,0.295454545454545,16,36,0.444444444444444,9,45,0.2,17,59,0.288135593220339,2,2,2,1,3,2,1,1,2,1
"B",1,1,28,51,0.549019607843137,27,44,0.613636363636364,14,36,0.388888888888889,21,45,0.466666666666667,36,59,0.610169491525424,3,2,4,3,3,1,3,2,3,3
"B",1,2,21,51,0.411764705882353,33,44,0.75,13,36,0.361111111111111,19,45,0.422222222222222,19,59,0.322033898305085,2,2,4,4,2,1,2,2,2,1
"B",1,3,39,51,0.764705882352941,32,44,0.727272727272727,24,36,0.666666666666667,31,45,0.688888888888889,31,59,0.525423728813559,5,4,4,4,4,3,4,3,3,2
"B",1,4,34,51,0.666666666666667,36,44,0.818181818181818,22,36,0.611111111111111,37,45,0.822222222222222,43,59,0.728813559322034,4,3,5,4,4,3,5,4,4,4
"B",1,5,43,51,0.843137254901961,42,44,0.954545454545455,32,36,0.888888888888889,34,45,0.755555555555556,55,59,0.932203389830508,5,4,5,5,5,5,4,4,5,5
"B",1,6,40,51,0.784313725490196,41,44,0.931818181818182,31,36,0.861111111111111,41,45,0.911111111111111,39,59,0.661016949152542,5,4,5,5,5,5,5,5,4,3
"B",1,7,19,51,0.372549019607843,12,44,0.272727272727273,16,36,0.444444444444444,13,45,0.288888888888889,26,59,0.440677966101695,2,1,2,1,3,2,1,1,2,2
"B",1,8,32,51,0.627450980392157,36,44,0.818181818181818,32,36,0.888888888888889,39,45,0.866666666666667,18,59,0.305084745762712,3,3,5,4,5,5,5,5,2,1
"B",1,9,44,51,0.862745098039216,36,44,0.818181818181818,29,36,0.805555555555556,32,45,0.711111111111111,45,59,0.76271186440678,5,5,5,4,4,4,4,4,5,4
"B",1,10,32,51,0.627450980392157,21,44,0.477272727272727,17,36,0.472222222222222,24,45,0.533333333333333,40,59,0.677966101694915,3,3,3,2,3,2,3,2,4,3
"B",1,11,41,51,0.803921568627451,33,44,0.75,29,36,0.805555555555556,31,45,0.688888888888889,16,59,0.271186440677966,5,4,4,4,4,4,4,3,2,1
"B",1,12,21,51,0.411764705882353,24,44,0.545454545454545,23,36,0.638888888888889,19,45,0.422222222222222,53,59,0.898305084745763,2,2,3,2,4,3,2,2,5,5
"B",1,13,38,51,0.745098039215686,25,44,0.568181818181818,26,36,0.722222222222222,27,45,0.6,39,59,0.661016949152542,4,4,3,3,4,4,3,3,4,3
"B",1,14,28,51,0.549019607843137,28,44,0.636363636363636,13,36,0.361111111111111,19,45,0.422222222222222,16,59,0.271186440677966,3,2,4,3,2,1,2,2,2,1
"B",1,15,33,51,0.647058823529412,32,44,0.727272727272727,16,36,0.444444444444444,25,45,0.555555555555556,25,59,0.423728813559322,4,3,4,4,3,2,3,3,2,2
"B",1,16,30,51,0.588235294117647,31,44,0.704545454545455,15,36,0.416666666666667,20,45,0.444444444444444,25,59,0.423728813559322,3,3,4,4,3,2,2,2,2,2
"B",1,17,8,51,0.156862745098039,21,44,0.477272727272727,13,36,0.361111111111111,13,45,0.288888888888889,28,59,0.474576271186441,1,1,3,2,2,1,1,1,2,2
"B",1,18,14,51,0.274509803921569,18,44,0.409090909090909,9,36,0.25,17,45,0.377777777777778,16,59,0.271186440677966,1,1,3,2,1,1,2,1,2,1
"B",1,19,35,51,0.686274509803922,30,44,0.681818181818182,24,36,0.666666666666667,24,45,0.533333333333333,43,59,0.728813559322034,4,3,4,3,4,3,3,2,4,4
"B",1,20,33,51,0.647058823529412,32,44,0.727272727272727,18,36,0.5,23,45,0.511111111111111,28,59,0.474576271186441,4,3,4,4,3,2,3,2,2,2
"B",1,21,38,51,0.745098039215686,30,44,0.681818181818182,16,36,0.444444444444444,22,45,0.488888888888889,14,59,0.23728813559322,4,4,4,3,3,2,3,2,2,1
"B",1,22,45,51,0.882352941176471,29,44,0.659090909090909,18,36,0.5,30,45,0.666666666666667,45,59,0.76271186440678,5,5,4,3,3,2,4,3,5,4
"B",1,23,41,51,0.803921568627451,28,44,0.636363636363636,24,36,0.666666666666667,29,45,0.644444444444444,44,59,0.745762711864407,5,4,4,3,4,3,4,3,5,4
"B",1,24,23,51,0.450980392156863,30,44,0.681818181818182,20,36,0.555555555555556,17,45,0.377777777777778,58,59,0.983050847457627,2,2,4,3,3,3,2,1,5,5
"B",1,25,31,51,0.607843137254902,30,44,0.681818181818182,23,36,0.638888888888889,23,45,0.511111111111111,14,59,0.23728813559322,3,3,4,3,4,3,3,2,2,1
"B",1,26,13,51,0.254901960784314,11,44,0.25,9,36,0.25,16,45,0.355555555555556,32,59,0.542372881355932,1,1,2,1,1,1,2,1,3,2
"B",1,27,32,51,0.627450980392157,21,44,0.477272727272727,17,36,0.472222222222222,23,45,0.511111111111111,41,59,0.694915254237288,3,3,3,2,3,2,3,2,4,3
"B",1,28,40,51,0.784313725490196,42,44,0.954545454545455,32,36,0.888888888888889,38,45,0.844444444444444,41,59,0.694915254237288,5,4,5,5,5,5,5,4,4,3
"B",1,29,33,51,0.647058823529412,26,44,0.590909090909091,10,36,0.277777777777778,11,45,0.244444444444444,10,59,0.169491525423729,4,3,4,3,1,1,1,1,2,1
"B",1,30,48,51,0.941176470588235,37,44,0.840909090909091,33,36,0.916666666666667,38,45,0.844444444444444,57,59,0.966101694915254,5,5,5,4,5,5,5,4,5,5
"B",2,1,33,51,0.647058823529412,24,44,0.545454545454545,20,36,0.555555555555556,24,45,0.533333333333333,35,59,0.593220338983051,4,3,3,2,3,3,3,2,3,3
"B",2,2,37,51,0.725490196078431,18,44,0.409090909090909,7,36,0.194444444444444,22,45,0.488888888888889,30,59,0.508474576271186,4,4,3,2,1,1,3,2,3,2
"B",2,3,47,51,0.92156862745098,41,44,0.931818181818182,34,36,0.944444444444444,41,45,0.911111111111111,57,59,0.966101694915254,5,5,5,5,5,5,5,5,5,5
"B",2,4,42,51,0.823529411764706,40,44,0.909090909090909,30,36,0.833333333333333,41,45,0.911111111111111,46,59,0.779661016949153,5,4,5,5,5,4,5,5,5,4
"B",2,5,34,51,0.666666666666667,24,44,0.545454545454545,25,36,0.694444444444444,31,45,0.688888888888889,42,59,0.711864406779661,4,3,3,2,4,3,4,3,4,4
"B",2,6,25,51,0.490196078431373,17,44,0.386363636363636,12,36,0.333333333333333,19,45,0.422222222222222,34,59,0.576271186440678,2,2,3,1,2,1,2,2,3,3
"B",2,7,30,51,0.588235294117647,34,44,0.772727272727273,8,36,0.222222222222222,17,45,0.377777777777778,23,59,0.389830508474576,3,3,4,4,1,1,2,1,2,1
"B",2,8,29,51,0.568627450980392,22,44,0.5,14,36,0.388888888888889,28,45,0.622222222222222,23,59,0.389830508474576,3,3,3,2,3,1,4,3,2,1
"B",2,9,39,51,0.764705882352941,27,44,0.613636363636364,17,36,0.472222222222222,30,45,0.666666666666667,46,59,0.779661016949153,5,4,4,3,3,2,4,3,5,4
"B",2,10,27,51,0.529411764705882,20,44,0.454545454545455,19,36,0.527777777777778,14,45,0.311111111111111,35,59,0.593220338983051,2,2,3,2,3,2,1,1,3,3
"B",2,11,27,51,0.529411764705882,22,44,0.5,12,36,0.333333333333333,10,45,0.222222222222222,28,59,0.474576271186441,2,2,3,2,2,1,1,1,2,2
"B",2,12,38,51,0.745098039215686,32,44,0.727272727272727,19,36,0.527777777777778,22,45,0.488888888888889,47,59,0.796610169491525,4,4,4,4,3,2,3,2,5,4
"B",2,13,43,51,0.843137254901961,30,44,0.681818181818182,28,36,0.777777777777778,34,45,0.755555555555556,47,59,0.796610169491525,5,4,4,3,4,4,4,4,5,4
"B",2,14,33,51,0.647058823529412,23,44,0.522727272727273,15,36,0.416666666666667,26,45,0.577777777777778,38,59,0.644067796610169,4,3,3,2,3,2,3,3,4,3
"B",2,15,46,51,0.901960784313726,37,44,0.840909090909091,25,36,0.694444444444444,32,45,0.711111111111111,50,59,0.847457627118644,5,5,5,4,4,3,4,4,5,4
"B",2,16,35,51,0.686274509803922,27,44,0.613636363636364,17,36,0.472222222222222,29,45,0.644444444444444,36,59,0.610169491525424,4,3,4,3,3,2,4,3,3,3
"B",2,17,38,51,0.745098039215686,19,44,0.431818181818182,18,36,0.5,25,45,0.555555555555556,49,59,0.830508474576271,4,4,3,2,3,2,3,3,5,4
"B",2,18,39,51,0.764705882352941,22,44,0.5,23,36,0.638888888888889,24,45,0.533333333333333,46,59,0.779661016949153,5,4,3,2,4,3,3,2,5,4
"B",2,19,17,51,0.333333333333333,11,44,0.25,15,36,0.416666666666667,12,45,0.266666666666667,22,59,0.372881355932203,1,1,2,1,3,2,1,1,2,1
"B",2,20,33,51,0.647058823529412,30,44,0.681818181818182,26,36,0.722222222222222,25,45,0.555555555555556,39,59,0.661016949152542,4,3,4,3,4,4,3,3,4,3
"B",2,21,37,51,0.725490196078431,29,44,0.659090909090909,15,36,0.416666666666667,24,45,0.533333333333333,38,59,0.644067796610169,4,4,4,3,3,2,3,2,4,3
"B",2,22,45,51,0.882352941176471,41,44,0.931818181818182,34,36,0.944444444444444,40,45,0.888888888888889,53,59,0.898305084745763,5,5,5,5,5,5,5,5,5,5
"B",2,23,34,51,0.666666666666667,32,44,0.727272727272727,14,36,0.388888888888889,32,45,0.711111111111111,48,59,0.813559322033898,4,3,4,4,3,1,4,4,5,4
"B",2,24,40,51,0.784313725490196,32,44,0.727272727272727,24,36,0.666666666666667,33,45,0.733333333333333,33,59,0.559322033898305,5,4,4,4,4,3,4,4,3,3
"B",2,25,26,51,0.509803921568627,19,44,0.431818181818182,9,36,0.25,21,45,0.466666666666667,32,59,0.542372881355932,2,2,3,2,1,1,3,2,3,2
"B",2,26,35,51,0.686274509803922,36,44,0.818181818181818,26,36,0.722222222222222,36,45,0.8,54,59,0.915254237288136,4,3,5,4,4,4,4,4,5,5
"B",2,27,39,51,0.764705882352941,34,44,0.772727272727273,27,36,0.75,31,45,0.688888888888889,50,59,0.847457627118644,5,4,4,4,4,4,4,3,5,4
"B",2,28,40,51,0.784313725490196,23,44,0.522727272727273,23,36,0.638888888888889,22,45,0.488888888888889,33,59,0.559322033898305,5,4,3,2,4,3,3,2,3,3
"B",2,29,36,51,0.705882352941177,42,44,0.954545454545455,33,36,0.916666666666667,39,45,0.866666666666667,48,59,0.813559322033898,4,4,5,5,5,5,5,5,5,4
"B",2,30,35,51,0.686274509803922,24,44,0.545454545454545,10,36,0.277777777777778,23,45,0.511111111111111,33,59,0.559322033898305,4,3,3,2,1,1,3,2,3,3
"C",1,1,26,51,0.509803921568627,23,44,0.522727272727273,12,36,0.333333333333333,23,45,0.511111111111111,24,59,0.406779661016949,2,2,3,2,2,1,3,2,2,2
"C",1,2,33,51,0.647058823529412,27,44,0.613636363636364,19,36,0.527777777777778,16,45,0.355555555555556,50,59,0.847457627118644,4,3,4,3,3,2,2,1,5,4
"C",1,3,25,51,0.490196078431373,25,44,0.568181818181818,18,36,0.5,5,45,0.111111111111111,32,59,0.542372881355932,2,2,3,3,3,2,1,1,3,2
"C",1,4,30,51,0.588235294117647,33,44,0.75,29,36,0.805555555555556,8,45,0.177777777777778,45,59,0.76271186440678,3,3,4,4,4,4,1,1,5,4
"C",1,5,25,51,0.490196078431373,19,44,0.431818181818182,5,36,0.138888888888889,23,45,0.511111111111111,25,59,0.423728813559322,2,2,3,2,1,1,3,2,2,2
"C",1,6,34,51,0.666666666666667,26,44,0.590909090909091,20,36,0.555555555555556,17,45,0.377777777777778,33,59,0.559322033898305,4,3,4,3,3,3,2,1,3,3
"C",1,7,36,51,0.705882352941177,24,44,0.545454545454545,16,36,0.444444444444444,24,45,0.533333333333333,45,59,0.76271186440678,4,4,3,2,3,2,3,2,5,4
"C",1,8,30,51,0.588235294117647,18,44,0.409090909090909,7,36,0.194444444444444,11,45,0.244444444444444,25,59,0.423728813559322,3,3,3,2,1,1,1,1,2,2
"C",1,9,25,51,0.490196078431373,30,44,0.681818181818182,27,36,0.75,23,45,0.511111111111111,29,59,0.491525423728814,2,2,4,3,4,4,3,2,3,2
"C",1,10,26,51,0.509803921568627,15,44,0.340909090909091,17,36,0.472222222222222,16,45,0.355555555555556,33,59,0.559322033898305,2,2,2,1,3,2,2,1,3,3
"C",1,11,35,51,0.686274509803922,28,44,0.636363636363636,15,36,0.416666666666667,33,45,0.733333333333333,56,59,0.949152542372881,4,3,4,3,3,2,4,4,5,5
"C",1,12,16,51,0.313725490196078,22,44,0.5,14,36,0.388888888888889,22,45,0.488888888888889,28,59,0.474576271186441,1,1,3,2,3,1,3,2,2,2
"C",1,13,26,51,0.509803921568627,32,44,0.727272727272727,17,36,0.472222222222222,31,45,0.688888888888889,37,59,0.627118644067797,2,2,4,4,3,2,4,3,3,3
"C",1,14,36,51,0.705882352941177,28,44,0.636363636363636,18,36,0.5,26,45,0.577777777777778,50,59,0.847457627118644,4,4,4,3,3,2,3,3,5,4
"C",1,15,27,51,0.529411764705882,30,44,0.681818181818182,20,36,0.555555555555556,43,45,0.955555555555556,38,59,0.644067796610169,2,2,4,3,3,3,5,5,4,3
"C",1,16,30,51,0.588235294117647,28,44,0.636363636363636,18,36,0.5,21,45,0.466666666666667,34,59,0.576271186440678,3,3,4,3,3,2,3,2,3,3
"C",1,17,24,51,0.470588235294118,22,44,0.5,13,36,0.361111111111111,35,45,0.777777777777778,32,59,0.542372881355932,2,2,3,2,2,1,4,4,3,2
"C",1,18,25,51,0.490196078431373,19,44,0.431818181818182,9,36,0.25,33,45,0.733333333333333,30,59,0.508474576271186,2,2,3,2,1,1,4,4,3,2
"C",1,19,21,51,0.411764705882353,17,44,0.386363636363636,12,36,0.333333333333333,19,45,0.422222222222222,21,59,0.355932203389831,2,2,3,1,2,1,2,2,2,1
"C",1,20,25,51,0.490196078431373,0,44,0,24,36,0.666666666666667,35,45,0.777777777777778,14,59,0.23728813559322,2,2,1,1,4,3,4,4,2,1
"C",1,21,41,51,0.803921568627451,33,44,0.75,31,36,0.861111111111111,18,45,0.4,39,59,0.661016949152542,5,4,4,4,5,5,2,1,4,3
"C",1,22,38,51,0.745098039215686,31,44,0.704545454545455,24,36,0.666666666666667,38,45,0.844444444444444,41,59,0.694915254237288,4,4,4,4,4,3,5,4,4,3
"C",1,23,27,51,0.529411764705882,18,44,0.409090909090909,18,36,0.5,13,45,0.288888888888889,18,59,0.305084745762712,2,2,3,2,3,2,1,1,2,1
"C",1,24,31,51,0.607843137254902,16,44,0.363636363636364,8,36,0.222222222222222,35,45,0.777777777777778,19,59,0.322033898305085,3,3,2,1,1,1,4,4,2,1
"C",1,25,35,51,0.686274509803922,31,44,0.704545454545455,27,36,0.75,39,45,0.866666666666667,39,59,0.661016949152542,4,3,4,4,4,4,5,5,4,3
"C",1,26,24,51,0.470588235294118,11,44,0.25,5,36,0.138888888888889,25,45,0.555555555555556,22,59,0.372881355932203,2,2,2,1,1,1,3,3,2,1
"C",1,27,12,51,0.235294117647059,15,44,0.340909090909091,14,36,0.388888888888889,44,45,0.977777777777778,15,59,0.254237288135593,1,1,2,1,3,1,5,5,2,1
"C",1,28,21,51,0.411764705882353,7,44,0.159090909090909,15,36,0.416666666666667,34,45,0.755555555555556,10,59,0.169491525423729,2,2,2,1,3,2,4,4,2,1
"C",1,29,18,51,0.352941176470588,22,44,0.5,16,36,0.444444444444444,10,45,0.222222222222222,20,59,0.338983050847458,2,1,3,2,3,2,1,1,2,1
"C",1,30,26,51,0.509803921568627,30,44,0.681818181818182,28,36,0.777777777777778,34,45,0.755555555555556,24,59,0.406779661016949,2,2,4,3,4,4,4,4,2,2
"C",2,1,23,51,0.450980392156863,29,44,0.659090909090909,20,36,0.555555555555556,12,45,0.266666666666667,20,59,0.338983050847458,2,2,4,3,3,3,1,1,2,1
"C",2,2,16,51,0.313725490196078,0,44,0,8,36,0.222222222222222,17,45,0.377777777777778,0,59,0,1,1,1,1,1,1,2,1,1,1
"C",2,3,15,51,0.294117647058824,9,44,0.204545454545455,10,36,0.277777777777778,16,45,0.355555555555556,9,59,0.152542372881356,1,1,2,1,1,1,2,1,2,1
"C",2,4,19,51,0.372549019607843,2,44,0.0454545454545455,5,36,0.138888888888889,19,45,0.422222222222222,13,59,0.220338983050847,2,1,1,1,1,1,2,2,2,1
"C",2,5,30,51,0.588235294117647,26,44,0.590909090909091,19,36,0.527777777777778,17,45,0.377777777777778,34,59,0.576271186440678,3,3,4,3,3,2,2,1,3,3
"C",2,6,37,51,0.725490196078431,39,44,0.886363636363636,35,36,0.972222222222222,20,45,0.444444444444444,47,59,0.796610169491525,4,4,5,5,5,5,2,2,5,4
"C",2,7,38,51,0.745098039215686,34,44,0.772727272727273,16,36,0.444444444444444,32,45,0.711111111111111,43,59,0.728813559322034,4,4,4,4,3,2,4,4,4,4
"C",2,8,43,51,0.843137254901961,36,44,0.818181818181818,27,36,0.75,27,45,0.6,42,59,0.711864406779661,5,4,5,4,4,4,3,3,4,4
"C",2,9,10,51,0.196078431372549,0,44,0,3,36,0.0833333333333333,30,45,0.666666666666667,0,59,0,1,1,1,1,1,1,4,3,1,1
"C",2,10,25,51,0.490196078431373,17,44,0.386363636363636,11,36,0.305555555555556,30,45,0.666666666666667,29,59,0.491525423728814,2,2,3,1,2,1,4,3,3,2
"C",2,11,37,51,0.725490196078431,29,44,0.659090909090909,21,36,0.583333333333333,25,45,0.555555555555556,35,59,0.593220338983051,4,4,4,3,3,3,3,3,3,3
"C",2,12,40,51,0.784313725490196,26,44,0.590909090909091,33,36,0.916666666666667,18,45,0.4,26,59,0.440677966101695,5,4,4,3,5,5,2,1,2,2
"C",2,13,18,51,0.352941176470588,13,44,0.295454545454545,17,36,0.472222222222222,27,45,0.6,20,59,0.338983050847458,2,1,2,1,3,2,3,3,2,1
"C",2,14,35,51,0.686274509803922,22,44,0.5,14,36,0.388888888888889,40,45,0.888888888888889,24,59,0.406779661016949,4,3,3,2,3,1,5,5,2,2
"C",2,15,31,51,0.607843137254902,30,44,0.681818181818182,27,36,0.75,16,45,0.355555555555556,50,59,0.847457627118644,3,3,4,3,4,4,2,1,5,4
"C",2,16,21,51,0.411764705882353,21,44,0.477272727272727,17,36,0.472222222222222,27,45,0.6,14,59,0.23728813559322,2,2,3,2,3,2,3,3,2,1
"C",2,17,24,51,0.470588235294118,15,44,0.340909090909091,11,36,0.305555555555556,21,45,0.466666666666667,22,59,0.372881355932203,2,2,2,1,2,1,3,2,2,1
"C",2,18,37,51,0.725490196078431,28,44,0.636363636363636,24,36,0.666666666666667,32,45,0.711111111111111,55,59,0.932203389830508,4,4,4,3,4,3,4,4,5,5
"C",2,19,37,51,0.725490196078431,28,44,0.636363636363636,21,36,0.583333333333333,26,45,0.577777777777778,42,59,0.711864406779661,4,4,4,3,3,3,3,3,4,4
"C",2,20,41,51,0.803921568627451,36,44,0.818181818181818,24,36,0.666666666666667,19,45,0.422222222222222,43,59,0.728813559322034,5,4,5,4,4,3,2,2,4,4
"C",2,21,26,51,0.509803921568627,25,44,0.568181818181818,12,36,0.333333333333333,14,45,0.311111111111111,24,59,0.406779661016949,2,2,3,3,2,1,1,1,2,2
"C",2,22,12,51,0.235294117647059,14,44,0.318181818181818,10,36,0.277777777777778,9,45,0.2,14,59,0.23728813559322,1,1,2,1,1,1,1,1,2,1
"C",2,23,10,51,0.196078431372549,9,44,0.204545454545455,10,36,0.277777777777778,21,45,0.466666666666667,12,59,0.203389830508475,1,1,2,1,1,1,3,2,2,1
"C",2,24,13,51,0.254901960784314,10,44,0.227272727272727,8,36,0.222222222222222,34,45,0.755555555555556,13,59,0.220338983050847,1,1,2,1,1,1,4,4,2,1
"C",2,25,28,51,0.549019607843137,33,44,0.75,15,36,0.416666666666667,14,45,0.311111111111111,33,59,0.559322033898305,3,2,4,4,3,2,1,1,3,3
"C",2,26,42,51,0.823529411764706,37,44,0.840909090909091,34,36,0.944444444444444,13,45,0.288888888888889,48,59,0.813559322033898,5,4,5,4,5,5,1,1,5,4
"C",2,27,33,51,0.647058823529412,32,44,0.727272727272727,24,36,0.666666666666667,17,45,0.377777777777778,44,59,0.745762711864407,4,3,4,4,4,3,2,1,5,4
"C",2,28,20,51,0.392156862745098,0,44,0,10,36,0.277777777777778,35,45,0.777777777777778,0,59,0,2,1,1,1,1,1,4,4,1,1
"C",2,29,33,51,0.647058823529412,23,44,0.522727272727273,12,36,0.333333333333333,21,45,0.466666666666667,32,59,0.542372881355932,4,3,3,2,2,1,3,2,3,2
"C",2,30,31,51,0.607843137254902,27,44,0.613636363636364,15,36,0.416666666666667,12,45,0.266666666666667,45,59,0.76271186440678,3,3,4,3,3,2,1,1,5,4
"C",1,1,27,51,0.529411764705882,14,44,0.318181818181818,14,36,0.388888888888889,37,45,0.822222222222222,20,59,0.338983050847458,2,2,2,1,3,1,5,4,2,1
"C",1,2,38,51,0.745098039215686,31,44,0.704545454545455,27,36,0.75,15,45,0.333333333333333,40,59,0.677966101694915,4,4,4,4,4,4,2,1,4,3
"C",1,3,27,51,0.529411764705882,24,44,0.545454545454545,15,36,0.416666666666667,30,45,0.666666666666667,18,59,0.305084745762712,2,2,3,2,3,2,4,3,2,1
"C",1,4,34,51,0.666666666666667,26,44,0.590909090909091,18,36,0.5,18,45,0.4,44,59,0.745762711864407,4,3,4,3,3,2,2,1,5,4
"C",1,5,36,51,0.705882352941177,26,44,0.590909090909091,25,36,0.694444444444444,24,45,0.533333333333333,32,59,0.542372881355932,4,4,4,3,4,3,3,2,3,2
"C",1,6,31,51,0.607843137254902,22,44,0.5,13,36,0.361111111111111,34,45,0.755555555555556,38,59,0.644067796610169,3,3,3,2,2,1,4,4,4,3
"C",1,7,31,51,0.607843137254902,28,44,0.636363636363636,12,36,0.333333333333333,10,45,0.222222222222222,35,59,0.593220338983051,3,3,4,3,2,1,1,1,3,3
"C",1,8,20,51,0.392156862745098,18,44,0.409090909090909,12,36,0.333333333333333,19,45,0.422222222222222,18,59,0.305084745762712,2,1,3,2,2,1,2,2,2,1
"C",1,9,32,51,0.627450980392157,23,44,0.522727272727273,20,36,0.555555555555556,17,45,0.377777777777778,21,59,0.355932203389831,3,3,3,2,3,3,2,1,2,1
"C",1,10,24,51,0.470588235294118,23,44,0.522727272727273,15,36,0.416666666666667,41,45,0.911111111111111,26,59,0.440677966101695,2,2,3,2,3,2,5,5,2,2
"C",1,11,27,51,0.529411764705882,26,44,0.590909090909091,22,36,0.611111111111111,20,45,0.444444444444444,39,59,0.661016949152542,2,2,4,3,4,3,2,2,4,3
"C",1,12,25,51,0.490196078431373,18,44,0.409090909090909,19,36,0.527777777777778,20,45,0.444444444444444,25,59,0.423728813559322,2,2,3,2,3,2,2,2,2,2
"D",1,13,31,51,0.607843137254902,21,44,0.477272727272727,18,36,0.5,24,45,0.533333333333333,30,59,0.508474576271186,3,3,3,2,3,2,3,2,3,2
"D",1,14,30,51,0.588235294117647,24,44,0.545454545454545,11,36,0.305555555555556,23,45,0.511111111111111,38,59,0.644067796610169,3,3,3,2,2,1,3,2,4,3
"D",1,15,41,51,0.803921568627451,37,44,0.840909090909091,34,36,0.944444444444444,37,45,0.822222222222222,54,59,0.915254237288136,5,4,5,4,5,5,5,4,5,5
"D",1,16,49,51,0.96078431372549,40,44,0.909090909090909,35,36,0.972222222222222,40,45,0.888888888888889,57,59,0.966101694915254,5,5,5,5,5,5,5,5,5,5
"D",1,17,26,51,0.509803921568627,20,44,0.454545454545455,11,36,0.305555555555556,24,45,0.533333333333333,27,59,0.457627118644068,2,2,3,2,2,1,3,2,2,2
"D",1,18,34,51,0.666666666666667,15,44,0.340909090909091,9,36,0.25,19,45,0.422222222222222,38,59,0.644067796610169,4,3,2,1,1,1,2,2,4,3
"D",1,19,29,51,0.568627450980392,22,44,0.5,26,36,0.722222222222222,34,45,0.755555555555556,40,59,0.677966101694915,3,3,3,2,4,4,4,4,4,3
"D",1,20,22,51,0.431372549019608,17,44,0.386363636363636,12,36,0.333333333333333,10,45,0.222222222222222,22,59,0.372881355932203,2,2,3,1,2,1,1,1,2,1
"D",1,21,18,51,0.352941176470588,19,44,0.431818181818182,16,36,0.444444444444444,21,45,0.466666666666667,22,59,0.372881355932203,2,1,3,2,3,2,3,2,2,1
"D",1,22,34,51,0.666666666666667,25,44,0.568181818181818,8,36,0.222222222222222,14,45,0.311111111111111,50,59,0.847457627118644,4,3,3,3,1,1,1,1,5,4
"D",1,23,27,51,0.529411764705882,23,44,0.522727272727273,9,36,0.25,13,45,0.288888888888889,21,59,0.355932203389831,2,2,3,2,1,1,1,1,2,1
"D",1,24,17,51,0.333333333333333,11,44,0.25,9,36,0.25,17,45,0.377777777777778,18,59,0.305084745762712,1,1,2,1,1,1,2,1,2,1
"D",1,25,32,51,0.627450980392157,38,44,0.863636363636364,20,36,0.555555555555556,35,45,0.777777777777778,37,59,0.627118644067797,3,3,5,5,3,3,4,4,3,3
"D",1,26,29,51,0.568627450980392,19,44,0.431818181818182,8,36,0.222222222222222,21,45,0.466666666666667,26,59,0.440677966101695,3,3,3,2,1,1,3,2,2,2
"D",1,27,27,51,0.529411764705882,17,44,0.386363636363636,9,36,0.25,12,45,0.266666666666667,18,59,0.305084745762712,2,2,3,1,1,1,1,1,2,1
"D",1,28,40,51,0.784313725490196,33,44,0.75,34,36,0.944444444444444,37,45,0.822222222222222,46,59,0.779661016949153,5,4,4,4,5,5,5,4,5,4
"D",1,29,23,51,0.450980392156863,24,44,0.545454545454545,6,36,0.166666666666667,15,45,0.333333333333333,24,59,0.406779661016949,2,2,3,2,1,1,2,1,2,2
"D",1,30,29,51,0.568627450980392,33,44,0.75,18,36,0.5,30,45,0.666666666666667,49,59,0.830508474576271,3,3,4,4,3,2,4,3,5,4
"D",2,1,29,51,0.568627450980392,23,44,0.522727272727273,28,36,0.777777777777778,32,45,0.711111111111111,46,59,0.779661016949153,3,3,3,2,4,4,4,4,5,4
"D",2,2,24,51,0.470588235294118,21,44,0.477272727272727,10,36,0.277777777777778,26,45,0.577777777777778,20,59,0.338983050847458,2,2,3,2,1,1,3,3,2,1
"D",2,3,20,51,0.392156862745098,22,44,0.5,22,36,0.611111111111111,19,45,0.422222222222222,36,59,0.610169491525424,2,1,3,2,4,3,2,2,3,3
"D",2,4,28,51,0.549019607843137,25,44,0.568181818181818,19,36,0.527777777777778,19,45,0.422222222222222,35,59,0.593220338983051,3,2,3,3,3,2,2,2,3,3
"D",2,5,22,51,0.431372549019608,11,44,0.25,2,36,0.0555555555555556,17,45,0.377777777777778,16,59,0.271186440677966,2,2,2,1,1,1,2,1,2,1
"D",2,6,48,51,0.941176470588235,37,44,0.840909090909091,32,36,0.888888888888889,41,45,0.911111111111111,46,59,0.779661016949153,5,5,5,4,5,5,5,5,5,4
"D",2,7,27,51,0.529411764705882,17,44,0.386363636363636,12,36,0.333333333333333,20,45,0.444444444444444,44,59,0.745762711864407,2,2,3,1,2,1,2,2,5,4
"D",2,8,20,51,0.392156862745098,11,44,0.25,11,36,0.305555555555556,20,45,0.444444444444444,17,59,0.288135593220339,2,1,2,1,2,1,2,2,2,1
"D",2,9,32,51,0.627450980392157,15,44,0.340909090909091,16,36,0.444444444444444,18,45,0.4,38,59,0.644067796610169,3,3,2,1,3,2,2,1,4,3
"D",2,10,29,51,0.568627450980392,18,44,0.409090909090909,14,36,0.388888888888889,23,45,0.511111111111111,21,59,0.355932203389831,3,3,3,2,3,1,3,2,2,1
"D",2,11,31,51,0.607843137254902,18,44,0.409090909090909,16,36,0.444444444444444,28,45,0.622222222222222,35,59,0.593220338983051,3,3,3,2,3,2,4,3,3,3
"D",2,12,28,51,0.549019607843137,20,44,0.454545454545455,16,36,0.444444444444444,14,45,0.311111111111111,13,59,0.220338983050847,3,2,3,2,3,2,1,1,2,1
"D",2,13,31,51,0.607843137254902,29,44,0.659090909090909,26,36,0.722222222222222,30,45,0.666666666666667,35,59,0.593220338983051,3,3,4,3,4,4,4,3,3,3
"D",2,14,25,51,0.490196078431373,19,44,0.431818181818182,13,36,0.361111111111111,22,45,0.488888888888889,26,59,0.440677966101695,2,2,3,2,2,1,3,2,2,2
"D",2,15,33,51,0.647058823529412,30,44,0.681818181818182,22,36,0.611111111111111,34,45,0.755555555555556,39,59,0.661016949152542,4,3,4,3,4,3,4,4,4,3
"D",2,16,28,51,0.549019607843137,34,44,0.772727272727273,26,36,0.722222222222222,34,45,0.755555555555556,46,59,0.779661016949153,3,2,4,4,4,4,4,4,5,4
"D",2,17,22,51,0.431372549019608,19,44,0.431818181818182,12,36,0.333333333333333,17,45,0.377777777777778,20,59,0.338983050847458,2,2,3,2,2,1,2,1,2,1
"D",2,18,35,51,0.686274509803922,31,44,0.704545454545455,21,36,0.583333333333333,31,45,0.688888888888889,37,59,0.627118644067797,4,3,4,4,3,3,4,3,3,3
"D",2,19,23,51,0.450980392156863,22,44,0.5,18,36,0.5,19,45,0.422222222222222,21,59,0.355932203389831,2,2,3,2,3,2,2,2,2,1
"D",2,20,25,51,0.490196078431373,31,44,0.704545454545455,25,36,0.694444444444444,27,45,0.6,27,59,0.457627118644068,2,2,4,4,4,3,3,3,2,2
"D",2,21,10,51,0.196078431372549,19,44,0.431818181818182,13,36,0.361111111111111,19,45,0.422222222222222,17,59,0.288135593220339,1,1,3,2,2,1,2,2,2,1
"D",2,22,27,51,0.529411764705882,33,44,0.75,10,36,0.277777777777778,21,45,0.466666666666667,19,59,0.322033898305085,2,2,4,4,1,1,3,2,2,1
"D",2,23,21,51,0.411764705882353,22,44,0.5,25,36,0.694444444444444,23,45,0.511111111111111,19,59,0.322033898305085,2,2,3,2,4,3,3,2,2,1
"D",2,24,19,51,0.372549019607843,11,44,0.25,7,36,0.194444444444444,6,45,0.133333333333333,13,59,0.220338983050847,2,1,2,1,1,1,1,1,2,1
"D",2,25,31,51,0.607843137254902,21,44,0.477272727272727,22,36,0.611111111111111,16,45,0.355555555555556,17,59,0.288135593220339,3,3,3,2,4,3,2,1,2,1
"D",2,26,31,51,0.607843137254902,27,44,0.613636363636364,17,36,0.472222222222222,26,45,0.577777777777778,36,59,0.610169491525424,3,3,4,3,3,2,3,3,3,3
"D",2,27,26,51,0.509803921568627,18,44,0.409090909090909,10,36,0.277777777777778,19,45,0.422222222222222,18,59,0.305084745762712,2,2,3,2,1,1,2,2,2,1
"D",2,28,22,51,0.431372549019608,11,44,0.25,9,36,0.25,11,45,0.244444444444444,19,59,0.322033898305085,2,2,2,1,1,1,1,1,2,1
"D",2,29,32,51,0.627450980392157,22,44,0.5,21,36,0.583333333333333,21,45,0.466666666666667,42,59,0.711864406779661,3,3,3,2,3,3,3,2,4,4
"D",2,30,39,51,0.764705882352941,40,44,0.909090909090909,33,36,0.916666666666667,37,45,0.822222222222222,53,59,0.898305084745763,5,4,5,5,5,5,5,4,5,5
